Query_ID,Analysis_Name,Department,Admission_Type,Disease_Category,Total_Admissions,Gender,Ward_Type,Total_Beds,Occupied_Beds,Available_Beds,Shift,Staff_Count,Doctor_Count,Admission_Count,Admissions_Per_Doctor,Test_Category,Total_Tests,Abnormal_Tests,Total_Bills,Total_Revenue,Average_Bill_Value,Payment_Mode,Payment_Status,Outstanding_Amount,Charge_Type,Total_Charges,Total_Charge_Amount,Average_Charge,Abnormal_Test_Rate,Specialization,Drug_Category,Inventory_Status,Total_Drugs,Total_Prescriptions,Current_Stock,Reorder_Level,Manufacturer_Country,Average_Unit_Cost,Total_Diagnostic_Tests,Revenue_Per_Admission,Tests_Per_Admission
MA01,"How does admission volume vary by Department, Admission Type and Disease Category? ============================================================",Surgery,Elective,Infectious,1525.0,,,,,,,,,,,,,,,,,,,,,,,,,,,,,,,,,,,,
MA01,"How does admission volume vary by Department, Admission Type and Disease Category? ============================================================",Emergency,Elective,Infectious,1340.0,,,,,,,,,,,,,,,,,,,,,,,,,,,,,,,,,,,,
MA01,"How does admission volume vary by Department, Admission Type and Disease Category? ============================================================",Pediatrics,Elective,Infectious,1291.0,,,,,,,,,,,,,,,,,,,,,,,,,,,,,,,,,,,,
MA01,"How does admission volume vary by Department, Admission Type and Disease Category? ============================================================",Internal Medicine,Elective,Infectious,1110.0,,,,,,,,,,,,,,,,,,,,,,,,,,,,,,,,,,,,
MA01,"How does admission volume vary by Department, Admission Type and Disease Category? ============================================================",Surgery,Emergency,Infectious,1045.0,,,,,,,,,,,,,,,,,,,,,,,,,,,,,,,,,,,,
MA01,"How does admission volume vary by Department, Admission Type and Disease Category? ============================================================",Emergency,Emergency,Infectious,902.0,,,,,,,,,,,,,,,,,,,,,,,,,,,,,,,,,,,,
MA01,"How does admission volume vary by Department, Admission Type and Disease Category? ============================================================",Surgery,Elective,Surgical,880.0,,,,,,,,,,,,,,,,,,,,,,,,,,,,,,,,,,,,
MA01,"How does admission volume vary by Department, Admission Type and Disease Category? ============================================================",Orthopedics,Elective,Infectious,866.0,,,,,,,,,,,,,,,,,,,,,,,,,,,,,,,,,,,,
MA01,"How does admission volume vary by Department, Admission Type and Disease Category? ============================================================",Pediatrics,Emergency,Infectious,824.0,,,,,,,,,,,,,,,,,,,,,,,,,,,,,,,,,,,,
MA01,"How does admission volume vary by Department, Admission Type and Disease Category? ============================================================",Emergency,Elective,Surgical,804.0,,,,,,,,,,,,,,,,,,,,,,,,,,,,,,,,,,,,
MA01,"How does admission volume vary by Department, Admission Type and Disease Category? ============================================================",Pediatrics,Elective,Surgical,735.0,,,,,,,,,,,,,,,,,,,,,,,,,,,,,,,,,,,,
MA01,"How does admission volume vary by Department, Admission Type and Disease Category? ============================================================",Internal Medicine,Emergency,Infectious,727.0,,,,,,,,,,,,,,,,,,,,,,,,,,,,,,,,,,,,
MA01,"How does admission volume vary by Department, Admission Type and Disease Category? ============================================================",Internal Medicine,Elective,Surgical,685.0,,,,,,,,,,,,,,,,,,,,,,,,,,,,,,,,,,,,
MA01,"How does admission volume vary by Department, Admission Type and Disease Category? ============================================================",Surgery,Emergency,Surgical,623.0,,,,,,,,,,,,,,,,,,,,,,,,,,,,,,,,,,,,
MA01,"How does admission volume vary by Department, Admission Type and Disease Category? ============================================================",Orthopedics,Emergency,Infectious,604.0,,,,,,,,,,,,,,,,,,,,,,,,,,,,,,,,,,,,
MA01,"How does admission volume vary by Department, Admission Type and Disease Category? ============================================================",Surgery,Elective,Cardiac,602.0,,,,,,,,,,,,,,,,,,,,,,,,,,,,,,,,,,,,
MA01,"How does admission volume vary by Department, Admission Type and Disease Category? ============================================================",ICU,Elective,Infectious,601.0,,,,,,,,,,,,,,,,,,,,,,,,,,,,,,,,,,,,
MA01,"How does admission volume vary by Department, Admission Type and Disease Category? ============================================================",Surgery,Elective,Respiratory,595.0,,,,,,,,,,,,,,,,,,,,,,,,,,,,,,,,,,,,
MA01,"How does admission volume vary by Department, Admission Type and Disease Category? ============================================================",Surgery,Elective,Pediatric,574.0,,,,,,,,,,,,,,,,,,,,,,,,,,,,,,,,,,,,
MA01,"How does admission volume vary by Department, Admission Type and Disease Category? ============================================================",Emergency,Elective,Respiratory,546.0,,,,,,,,,,,,,,,,,,,,,,,,,,,,,,,,,,,,
MA01,"How does admission volume vary by Department, Admission Type and Disease Category? ============================================================",Emergency,Elective,Cardiac,544.0,,,,,,,,,,,,,,,,,,,,,,,,,,,,,,,,,,,,
MA01,"How does admission volume vary by Department, Admission Type and Disease Category? ============================================================",Orthopedics,Elective,Surgical,541.0,,,,,,,,,,,,,,,,,,,,,,,,,,,,,,,,,,,,
MA01,"How does admission volume vary by Department, Admission Type and Disease Category? ============================================================",Emergency,Emergency,Surgical,526.0,,,,,,,,,,,,,,,,,,,,,,,,,,,,,,,,,,,,
MA01,"How does admission volume vary by Department, Admission Type and Disease Category? ============================================================",Pediatrics,Elective,Cardiac,526.0,,,,,,,,,,,,,,,,,,,,,,,,,,,,,,,,,,,,
MA01,"How does admission volume vary by Department, Admission Type and Disease Category? ============================================================",Pediatrics,Elective,Pediatric,515.0,,,,,,,,,,,,,,,,,,,,,,,,,,,,,,,,,,,,
MA01,"How does admission volume vary by Department, Admission Type and Disease Category? ============================================================",Pediatrics,Elective,Respiratory,506.0,,,,,,,,,,,,,,,,,,,,,,,,,,,,,,,,,,,,
MA01,"How does admission volume vary by Department, Admission Type and Disease Category? ============================================================",Pediatrics,Emergency,Surgical,502.0,,,,,,,,,,,,,,,,,,,,,,,,,,,,,,,,,,,,
MA01,"How does admission volume vary by Department, Admission Type and Disease Category? ============================================================",Emergency,Elective,Pediatric,499.0,,,,,,,,,,,,,,,,,,,,,,,,,,,,,,,,,,,,
MA01,"How does admission volume vary by Department, Admission Type and Disease Category? ============================================================",Internal Medicine,Elective,Respiratory,484.0,,,,,,,,,,,,,,,,,,,,,,,,,,,,,,,,,,,,
MA01,"How does admission volume vary by Department, Admission Type and Disease Category? ============================================================",Internal Medicine,Emergency,Surgical,480.0,,,,,,,,,,,,,,,,,,,,,,,,,,,,,,,,,,,,
MA01,"How does admission volume vary by Department, Admission Type and Disease Category? ============================================================",Internal Medicine,Elective,Pediatric,468.0,,,,,,,,,,,,,,,,,,,,,,,,,,,,,,,,,,,,
MA01,"How does admission volume vary by Department, Admission Type and Disease Category? ============================================================",Surgery,Emergency,Cardiac,428.0,,,,,,,,,,,,,,,,,,,,,,,,,,,,,,,,,,,,
MA01,"How does admission volume vary by Department, Admission Type and Disease Category? ============================================================",Internal Medicine,Elective,Cardiac,415.0,,,,,,,,,,,,,,,,,,,,,,,,,,,,,,,,,,,,
MA01,"How does admission volume vary by Department, Admission Type and Disease Category? ============================================================",ICU,Emergency,Infectious,413.0,,,,,,,,,,,,,,,,,,,,,,,,,,,,,,,,,,,,
MA01,"How does admission volume vary by Department, Admission Type and Disease Category? ============================================================",Surgery,Emergency,Respiratory,400.0,,,,,,,,,,,,,,,,,,,,,,,,,,,,,,,,,,,,
MA01,"How does admission volume vary by Department, Admission Type and Disease Category? ============================================================",Surgery,Emergency,Pediatric,390.0,,,,,,,,,,,,,,,,,,,,,,,,,,,,,,,,,,,,
MA01,"How does admission volume vary by Department, Admission Type and Disease Category? ============================================================",ICU,Elective,Surgical,380.0,,,,,,,,,,,,,,,,,,,,,,,,,,,,,,,,,,,,
MA01,"How does admission volume vary by Department, Admission Type and Disease Category? ============================================================",Orthopedics,Elective,Respiratory,378.0,,,,,,,,,,,,,,,,,,,,,,,,,,,,,,,,,,,,
MA01,"How does admission volume vary by Department, Admission Type and Disease Category? ============================================================",Emergency,Emergency,Cardiac,354.0,,,,,,,,,,,,,,,,,,,,,,,,,,,,,,,,,,,,
MA01,"How does admission volume vary by Department, Admission Type and Disease Category? ============================================================",Emergency,Emergency,Pediatric,351.0,,,,,,,,,,,,,,,,,,,,,,,,,,,,,,,,,,,,
MA01,"How does admission volume vary by Department, Admission Type and Disease Category? ============================================================",Emergency,Emergency,Respiratory,347.0,,,,,,,,,,,,,,,,,,,,,,,,,,,,,,,,,,,,
MA01,"How does admission volume vary by Department, Admission Type and Disease Category? ============================================================",Orthopedics,Elective,Cardiac,347.0,,,,,,,,,,,,,,,,,,,,,,,,,,,,,,,,,,,,
MA01,"How does admission volume vary by Department, Admission Type and Disease Category? ============================================================",Pediatrics,Emergency,Cardiac,347.0,,,,,,,,,,,,,,,,,,,,,,,,,,,,,,,,,,,,
MA01,"How does admission volume vary by Department, Admission Type and Disease Category? ============================================================",Orthopedics,Emergency,Surgical,345.0,,,,,,,,,,,,,,,,,,,,,,,,,,,,,,,,,,,,
MA01,"How does admission volume vary by Department, Admission Type and Disease Category? ============================================================",Pediatrics,Emergency,Pediatric,340.0,,,,,,,,,,,,,,,,,,,,,,,,,,,,,,,,,,,,
MA01,"How does admission volume vary by Department, Admission Type and Disease Category? ============================================================",Pediatrics,Emergency,Respiratory,334.0,,,,,,,,,,,,,,,,,,,,,,,,,,,,,,,,,,,,
MA01,"How does admission volume vary by Department, Admission Type and Disease Category? ============================================================",Orthopedics,Elective,Pediatric,322.0,,,,,,,,,,,,,,,,,,,,,,,,,,,,,,,,,,,,
MA01,"How does admission volume vary by Department, Admission Type and Disease Category? ============================================================",Internal Medicine,Emergency,Cardiac,315.0,,,,,,,,,,,,,,,,,,,,,,,,,,,,,,,,,,,,
MA01,"How does admission volume vary by Department, Admission Type and Disease Category? ============================================================",Internal Medicine,Emergency,Respiratory,315.0,,,,,,,,,,,,,,,,,,,,,,,,,,,,,,,,,,,,
MA01,"How does admission volume vary by Department, Admission Type and Disease Category? ============================================================",Surgery,Elective,Hematological,307.0,,,,,,,,,,,,,,,,,,,,,,,,,,,,,,,,,,,,
MA01,"How does admission volume vary by Department, Admission Type and Disease Category? ============================================================",Surgery,Elective,Renal,306.0,,,,,,,,,,,,,,,,,,,,,,,,,,,,,,,,,,,,
MA01,"How does admission volume vary by Department, Admission Type and Disease Category? ============================================================",Surgery,Elective,Neurological,303.0,,,,,,,,,,,,,,,,,,,,,,,,,,,,,,,,,,,,
MA01,"How does admission volume vary by Department, Admission Type and Disease Category? ============================================================",Surgery,Elective,Endocrine,298.0,,,,,,,,,,,,,,,,,,,,,,,,,,,,,,,,,,,,
MA01,"How does admission volume vary by Department, Admission Type and Disease Category? ============================================================",Surgery,Elective,Orthopedic,298.0,,,,,,,,,,,,,,,,,,,,,,,,,,,,,,,,,,,,
MA01,"How does admission volume vary by Department, Admission Type and Disease Category? ============================================================",Surgery,Elective,Trauma,296.0,,,,,,,,,,,,,,,,,,,,,,,,,,,,,,,,,,,,
MA01,"How does admission volume vary by Department, Admission Type and Disease Category? ============================================================",Internal Medicine,Emergency,Pediatric,287.0,,,,,,,,,,,,,,,,,,,,,,,,,,,,,,,,,,,,
MA01,"How does admission volume vary by Department, Admission Type and Disease Category? ============================================================",Orthopedics,Emergency,Respiratory,283.0,,,,,,,,,,,,,,,,,,,,,,,,,,,,,,,,,,,,
MA01,"How does admission volume vary by Department, Admission Type and Disease Category? ============================================================",Emergency,Elective,Trauma,281.0,,,,,,,,,,,,,,,,,,,,,,,,,,,,,,,,,,,,
MA01,"How does admission volume vary by Department, Admission Type and Disease Category? ============================================================",Emergency,Elective,Neurological,272.0,,,,,,,,,,,,,,,,,,,,,,,,,,,,,,,,,,,,
MA01,"How does admission volume vary by Department, Admission Type and Disease Category? ============================================================",Emergency,Elective,Endocrine,271.0,,,,,,,,,,,,,,,,,,,,,,,,,,,,,,,,,,,,
MA01,"How does admission volume vary by Department, Admission Type and Disease Category? ============================================================",Internal Medicine,Elective,Orthopedic,261.0,,,,,,,,,,,,,,,,,,,,,,,,,,,,,,,,,,,,
MA01,"How does admission volume vary by Department, Admission Type and Disease Category? ============================================================",Orthopedics,Emergency,Cardiac,261.0,,,,,,,,,,,,,,,,,,,,,,,,,,,,,,,,,,,,
MA01,"How does admission volume vary by Department, Admission Type and Disease Category? ============================================================",Pediatrics,Elective,Endocrine,261.0,,,,,,,,,,,,,,,,,,,,,,,,,,,,,,,,,,,,
MA01,"How does admission volume vary by Department, Admission Type and Disease Category? ============================================================",Orthopedics,Emergency,Pediatric,260.0,,,,,,,,,,,,,,,,,,,,,,,,,,,,,,,,,,,,
MA01,"How does admission volume vary by Department, Admission Type and Disease Category? ============================================================",Pediatrics,Elective,Trauma,259.0,,,,,,,,,,,,,,,,,,,,,,,,,,,,,,,,,,,,
MA01,"How does admission volume vary by Department, Admission Type and Disease Category? ============================================================",Emergency,Elective,Hematological,258.0,,,,,,,,,,,,,,,,,,,,,,,,,,,,,,,,,,,,
MA01,"How does admission volume vary by Department, Admission Type and Disease Category? ============================================================",ICU,Elective,Pediatric,257.0,,,,,,,,,,,,,,,,,,,,,,,,,,,,,,,,,,,,
MA01,"How does admission volume vary by Department, Admission Type and Disease Category? ============================================================",Internal Medicine,Elective,Renal,257.0,,,,,,,,,,,,,,,,,,,,,,,,,,,,,,,,,,,,
MA01,"How does admission volume vary by Department, Admission Type and Disease Category? ============================================================",Pediatrics,Elective,Renal,257.0,,,,,,,,,,,,,,,,,,,,,,,,,,,,,,,,,,,,
MA01,"How does admission volume vary by Department, Admission Type and Disease Category? ============================================================",Internal Medicine,Elective,Trauma,248.0,,,,,,,,,,,,,,,,,,,,,,,,,,,,,,,,,,,,
MA01,"How does admission volume vary by Department, Admission Type and Disease Category? ============================================================",Emergency,Elective,Orthopedic,245.0,,,,,,,,,,,,,,,,,,,,,,,,,,,,,,,,,,,,
MA01,"How does admission volume vary by Department, Admission Type and Disease Category? ============================================================",Pediatrics,Elective,Hematological,245.0,,,,,,,,,,,,,,,,,,,,,,,,,,,,,,,,,,,,
MA01,"How does admission volume vary by Department, Admission Type and Disease Category? ============================================================",Pediatrics,Elective,Orthopedic,245.0,,,,,,,,,,,,,,,,,,,,,,,,,,,,,,,,,,,,
MA01,"How does admission volume vary by Department, Admission Type and Disease Category? ============================================================",Pediatrics,Elective,Neurological,244.0,,,,,,,,,,,,,,,,,,,,,,,,,,,,,,,,,,,,
MA01,"How does admission volume vary by Department, Admission Type and Disease Category? ============================================================",ICU,Elective,Cardiac,241.0,,,,,,,,,,,,,,,,,,,,,,,,,,,,,,,,,,,,
MA01,"How does admission volume vary by Department, Admission Type and Disease Category? ============================================================",Emergency,Elective,Renal,239.0,,,,,,,,,,,,,,,,,,,,,,,,,,,,,,,,,,,,
MA01,"How does admission volume vary by Department, Admission Type and Disease Category? ============================================================",Surgery,Emergency,Orthopedic,231.0,,,,,,,,,,,,,,,,,,,,,,,,,,,,,,,,,,,,
MA01,"How does admission volume vary by Department, Admission Type and Disease Category? ============================================================",Surgery,Emergency,Neurological,229.0,,,,,,,,,,,,,,,,,,,,,,,,,,,,,,,,,,,,
MA01,"How does admission volume vary by Department, Admission Type and Disease Category? ============================================================",Internal Medicine,Elective,Endocrine,226.0,,,,,,,,,,,,,,,,,,,,,,,,,,,,,,,,,,,,
MA01,"How does admission volume vary by Department, Admission Type and Disease Category? ============================================================",ICU,Elective,Respiratory,221.0,,,,,,,,,,,,,,,,,,,,,,,,,,,,,,,,,,,,
MA01,"How does admission volume vary by Department, Admission Type and Disease Category? ============================================================",Internal Medicine,Elective,Neurological,220.0,,,,,,,,,,,,,,,,,,,,,,,,,,,,,,,,,,,,
MA01,"How does admission volume vary by Department, Admission Type and Disease Category? ============================================================",Surgery,Emergency,Hematological,212.0,,,,,,,,,,,,,,,,,,,,,,,,,,,,,,,,,,,,
MA01,"How does admission volume vary by Department, Admission Type and Disease Category? ============================================================",ICU,Emergency,Surgical,210.0,,,,,,,,,,,,,,,,,,,,,,,,,,,,,,,,,,,,
MA01,"How does admission volume vary by Department, Admission Type and Disease Category? ============================================================",Surgery,Emergency,Renal,202.0,,,,,,,,,,,,,,,,,,,,,,,,,,,,,,,,,,,,
MA01,"How does admission volume vary by Department, Admission Type and Disease Category? ============================================================",Surgery,Emergency,Trauma,202.0,,,,,,,,,,,,,,,,,,,,,,,,,,,,,,,,,,,,
MA01,"How does admission volume vary by Department, Admission Type and Disease Category? ============================================================",Internal Medicine,Elective,Hematological,201.0,,,,,,,,,,,,,,,,,,,,,,,,,,,,,,,,,,,,
MA01,"How does admission volume vary by Department, Admission Type and Disease Category? ============================================================",Orthopedics,Elective,Trauma,190.0,,,,,,,,,,,,,,,,,,,,,,,,,,,,,,,,,,,,
MA01,"How does admission volume vary by Department, Admission Type and Disease Category? ============================================================",Orthopedics,Elective,Orthopedic,188.0,,,,,,,,,,,,,,,,,,,,,,,,,,,,,,,,,,,,
MA01,"How does admission volume vary by Department, Admission Type and Disease Category? ============================================================",Internal Medicine,Emergency,Neurological,181.0,,,,,,,,,,,,,,,,,,,,,,,,,,,,,,,,,,,,
MA01,"How does admission volume vary by Department, Admission Type and Disease Category? ============================================================",Pediatrics,Emergency,Neurological,180.0,,,,,,,,,,,,,,,,,,,,,,,,,,,,,,,,,,,,
MA01,"How does admission volume vary by Department, Admission Type and Disease Category? ============================================================",Surgery,Emergency,Endocrine,180.0,,,,,,,,,,,,,,,,,,,,,,,,,,,,,,,,,,,,
MA01,"How does admission volume vary by Department, Admission Type and Disease Category? ============================================================",Internal Medicine,Emergency,Hematological,179.0,,,,,,,,,,,,,,,,,,,,,,,,,,,,,,,,,,,,
MA01,"How does admission volume vary by Department, Admission Type and Disease Category? ============================================================",Emergency,Emergency,Hematological,177.0,,,,,,,,,,,,,,,,,,,,,,,,,,,,,,,,,,,,
MA01,"How does admission volume vary by Department, Admission Type and Disease Category? ============================================================",Emergency,Emergency,Neurological,177.0,,,,,,,,,,,,,,,,,,,,,,,,,,,,,,,,,,,,
MA01,"How does admission volume vary by Department, Admission Type and Disease Category? ============================================================",Orthopedics,Elective,Neurological,177.0,,,,,,,,,,,,,,,,,,,,,,,,,,,,,,,,,,,,
MA01,"How does admission volume vary by Department, Admission Type and Disease Category? ============================================================",Orthopedics,Elective,Endocrine,174.0,,,,,,,,,,,,,,,,,,,,,,,,,,,,,,,,,,,,
MA01,"How does admission volume vary by Department, Admission Type and Disease Category? ============================================================",ICU,Emergency,Pediatric,173.0,,,,,,,,,,,,,,,,,,,,,,,,,,,,,,,,,,,,
MA01,"How does admission volume vary by Department, Admission Type and Disease Category? ============================================================",Pediatrics,Emergency,Orthopedic,171.0,,,,,,,,,,,,,,,,,,,,,,,,,,,,,,,,,,,,
MA01,"How does admission volume vary by Department, Admission Type and Disease Category? ============================================================",Pediatrics,Emergency,Hematological,170.0,,,,,,,,,,,,,,,,,,,,,,,,,,,,,,,,,,,,
MA01,"How does admission volume vary by Department, Admission Type and Disease Category? ============================================================",Emergency,Emergency,Endocrine,165.0,,,,,,,,,,,,,,,,,,,,,,,,,,,,,,,,,,,,
MA01,"How does admission volume vary by Department, Admission Type and Disease Category? ============================================================",Internal Medicine,Emergency,Renal,164.0,,,,,,,,,,,,,,,,,,,,,,,,,,,,,,,,,,,,
MA01,"How does admission volume vary by Department, Admission Type and Disease Category? ============================================================",Pediatrics,Emergency,Renal,163.0,,,,,,,,,,,,,,,,,,,,,,,,,,,,,,,,,,,,
MA01,"How does admission volume vary by Department, Admission Type and Disease Category? ============================================================",Internal Medicine,Emergency,Endocrine,162.0,,,,,,,,,,,,,,,,,,,,,,,,,,,,,,,,,,,,
MA01,"How does admission volume vary by Department, Admission Type and Disease Category? ============================================================",Orthopedics,Elective,Hematological,162.0,,,,,,,,,,,,,,,,,,,,,,,,,,,,,,,,,,,,
MA01,"How does admission volume vary by Department, Admission Type and Disease Category? ============================================================",Pediatrics,Emergency,Trauma,162.0,,,,,,,,,,,,,,,,,,,,,,,,,,,,,,,,,,,,
MA01,"How does admission volume vary by Department, Admission Type and Disease Category? ============================================================",Emergency,Emergency,Orthopedic,161.0,,,,,,,,,,,,,,,,,,,,,,,,,,,,,,,,,,,,
MA01,"How does admission volume vary by Department, Admission Type and Disease Category? ============================================================",Emergency,Emergency,Renal,161.0,,,,,,,,,,,,,,,,,,,,,,,,,,,,,,,,,,,,
MA01,"How does admission volume vary by Department, Admission Type and Disease Category? ============================================================",Orthopedics,Elective,Renal,161.0,,,,,,,,,,,,,,,,,,,,,,,,,,,,,,,,,,,,
MA01,"How does admission volume vary by Department, Admission Type and Disease Category? ============================================================",Pediatrics,Emergency,Endocrine,161.0,,,,,,,,,,,,,,,,,,,,,,,,,,,,,,,,,,,,
MA01,"How does admission volume vary by Department, Admission Type and Disease Category? ============================================================",Emergency,Emergency,Trauma,157.0,,,,,,,,,,,,,,,,,,,,,,,,,,,,,,,,,,,,
MA01,"How does admission volume vary by Department, Admission Type and Disease Category? ============================================================",Internal Medicine,Emergency,Orthopedic,157.0,,,,,,,,,,,,,,,,,,,,,,,,,,,,,,,,,,,,
MA01,"How does admission volume vary by Department, Admission Type and Disease Category? ============================================================",ICU,Emergency,Respiratory,155.0,,,,,,,,,,,,,,,,,,,,,,,,,,,,,,,,,,,,
MA01,"How does admission volume vary by Department, Admission Type and Disease Category? ============================================================",Internal Medicine,Emergency,Trauma,153.0,,,,,,,,,,,,,,,,,,,,,,,,,,,,,,,,,,,,
MA01,"How does admission volume vary by Department, Admission Type and Disease Category? ============================================================",ICU,Emergency,Cardiac,145.0,,,,,,,,,,,,,,,,,,,,,,,,,,,,,,,,,,,,
MA01,"How does admission volume vary by Department, Admission Type and Disease Category? ============================================================",ICU,Elective,Neurological,141.0,,,,,,,,,,,,,,,,,,,,,,,,,,,,,,,,,,,,
MA01,"How does admission volume vary by Department, Admission Type and Disease Category? ============================================================",ICU,Elective,Orthopedic,137.0,,,,,,,,,,,,,,,,,,,,,,,,,,,,,,,,,,,,
MA01,"How does admission volume vary by Department, Admission Type and Disease Category? ============================================================",ICU,Elective,Renal,132.0,,,,,,,,,,,,,,,,,,,,,,,,,,,,,,,,,,,,
MA01,"How does admission volume vary by Department, Admission Type and Disease Category? ============================================================",ICU,Elective,Hematological,125.0,,,,,,,,,,,,,,,,,,,,,,,,,,,,,,,,,,,,
MA01,"How does admission volume vary by Department, Admission Type and Disease Category? ============================================================",ICU,Elective,Endocrine,122.0,,,,,,,,,,,,,,,,,,,,,,,,,,,,,,,,,,,,
MA01,"How does admission volume vary by Department, Admission Type and Disease Category? ============================================================",Orthopedics,Emergency,Renal,122.0,,,,,,,,,,,,,,,,,,,,,,,,,,,,,,,,,,,,
MA01,"How does admission volume vary by Department, Admission Type and Disease Category? ============================================================",ICU,Elective,Trauma,118.0,,,,,,,,,,,,,,,,,,,,,,,,,,,,,,,,,,,,
MA01,"How does admission volume vary by Department, Admission Type and Disease Category? ============================================================",Orthopedics,Emergency,Orthopedic,116.0,,,,,,,,,,,,,,,,,,,,,,,,,,,,,,,,,,,,
MA01,"How does admission volume vary by Department, Admission Type and Disease Category? ============================================================",Orthopedics,Emergency,Hematological,111.0,,,,,,,,,,,,,,,,,,,,,,,,,,,,,,,,,,,,
MA01,"How does admission volume vary by Department, Admission Type and Disease Category? ============================================================",Orthopedics,Emergency,Trauma,107.0,,,,,,,,,,,,,,,,,,,,,,,,,,,,,,,,,,,,
MA01,"How does admission volume vary by Department, Admission Type and Disease Category? ============================================================",Orthopedics,Emergency,Endocrine,106.0,,,,,,,,,,,,,,,,,,,,,,,,,,,,,,,,,,,,
MA01,"How does admission volume vary by Department, Admission Type and Disease Category? ============================================================",Orthopedics,Emergency,Neurological,103.0,,,,,,,,,,,,,,,,,,,,,,,,,,,,,,,,,,,,
MA01,"How does admission volume vary by Department, Admission Type and Disease Category? ============================================================",ICU,Emergency,Hematological,88.0,,,,,,,,,,,,,,,,,,,,,,,,,,,,,,,,,,,,
MA01,"How does admission volume vary by Department, Admission Type and Disease Category? ============================================================",ICU,Emergency,Renal,87.0,,,,,,,,,,,,,,,,,,,,,,,,,,,,,,,,,,,,
MA01,"How does admission volume vary by Department, Admission Type and Disease Category? ============================================================",ICU,Emergency,Trauma,80.0,,,,,,,,,,,,,,,,,,,,,,,,,,,,,,,,,,,,
MA01,"How does admission volume vary by Department, Admission Type and Disease Category? ============================================================",ICU,Emergency,Orthopedic,78.0,,,,,,,,,,,,,,,,,,,,,,,,,,,,,,,,,,,,
MA01,"How does admission volume vary by Department, Admission Type and Disease Category? ============================================================",ICU,Emergency,Neurological,73.0,,,,,,,,,,,,,,,,,,,,,,,,,,,,,,,,,,,,
MA01,"How does admission volume vary by Department, Admission Type and Disease Category? ============================================================",ICU,Emergency,Endocrine,63.0,,,,,,,,,,,,,,,,,,,,,,,,,,,,,,,,,,,,
MA02,"How are admissions distributed across Gender, Admission Type and Department? ============================================================",Surgery,Elective,,3205.0,Male,,,,,,,,,,,,,,,,,,,,,,,,,,,,,,,,,,,
MA02,"How are admissions distributed across Gender, Admission Type and Department? ============================================================",Emergency,Elective,,2867.0,Male,,,,,,,,,,,,,,,,,,,,,,,,,,,,,,,,,,,
MA02,"How are admissions distributed across Gender, Admission Type and Department? ============================================================",Pediatrics,Elective,,2711.0,Male,,,,,,,,,,,,,,,,,,,,,,,,,,,,,,,,,,,
MA02,"How are admissions distributed across Gender, Admission Type and Department? ============================================================",Surgery,Elective,,2655.0,Female,,,,,,,,,,,,,,,,,,,,,,,,,,,,,,,,,,,
MA02,"How are admissions distributed across Gender, Admission Type and Department? ============================================================",Internal Medicine,Elective,,2524.0,Male,,,,,,,,,,,,,,,,,,,,,,,,,,,,,,,,,,,
MA02,"How are admissions distributed across Gender, Admission Type and Department? ============================================================",Emergency,Elective,,2347.0,Female,,,,,,,,,,,,,,,,,,,,,,,,,,,,,,,,,,,
MA02,"How are admissions distributed across Gender, Admission Type and Department? ============================================================",Pediatrics,Elective,,2264.0,Female,,,,,,,,,,,,,,,,,,,,,,,,,,,,,,,,,,,
MA02,"How are admissions distributed across Gender, Admission Type and Department? ============================================================",Surgery,Emergency,,2191.0,Male,,,,,,,,,,,,,,,,,,,,,,,,,,,,,,,,,,,
MA02,"How are admissions distributed across Gender, Admission Type and Department? ============================================================",Internal Medicine,Elective,,1963.0,Female,,,,,,,,,,,,,,,,,,,,,,,,,,,,,,,,,,,
MA02,"How are admissions distributed across Gender, Admission Type and Department? ============================================================",Surgery,Emergency,,1886.0,Female,,,,,,,,,,,,,,,,,,,,,,,,,,,,,,,,,,,
MA02,"How are admissions distributed across Gender, Admission Type and Department? ============================================================",Orthopedics,Elective,,1869.0,Male,,,,,,,,,,,,,,,,,,,,,,,,,,,,,,,,,,,
MA02,"How are admissions distributed across Gender, Admission Type and Department? ============================================================",Emergency,Emergency,,1856.0,Male,,,,,,,,,,,,,,,,,,,,,,,,,,,,,,,,,,,
MA02,"How are admissions distributed across Gender, Admission Type and Department? ============================================================",Pediatrics,Emergency,,1785.0,Male,,,,,,,,,,,,,,,,,,,,,,,,,,,,,,,,,,,
MA02,"How are admissions distributed across Gender, Admission Type and Department? ============================================================",Internal Medicine,Emergency,,1656.0,Male,,,,,,,,,,,,,,,,,,,,,,,,,,,,,,,,,,,
MA02,"How are admissions distributed across Gender, Admission Type and Department? ============================================================",Orthopedics,Elective,,1565.0,Female,,,,,,,,,,,,,,,,,,,,,,,,,,,,,,,,,,,
MA02,"How are admissions distributed across Gender, Admission Type and Department? ============================================================",Emergency,Emergency,,1550.0,Female,,,,,,,,,,,,,,,,,,,,,,,,,,,,,,,,,,,
MA02,"How are admissions distributed across Gender, Admission Type and Department? ============================================================",Pediatrics,Emergency,,1495.0,Female,,,,,,,,,,,,,,,,,,,,,,,,,,,,,,,,,,,
MA02,"How are admissions distributed across Gender, Admission Type and Department? ============================================================",Internal Medicine,Emergency,,1394.0,Female,,,,,,,,,,,,,,,,,,,,,,,,,,,,,,,,,,,
MA02,"How are admissions distributed across Gender, Admission Type and Department? ============================================================",ICU,Elective,,1277.0,Male,,,,,,,,,,,,,,,,,,,,,,,,,,,,,,,,,,,
MA02,"How are admissions distributed across Gender, Admission Type and Department? ============================================================",Orthopedics,Emergency,,1267.0,Male,,,,,,,,,,,,,,,,,,,,,,,,,,,,,,,,,,,
MA02,"How are admissions distributed across Gender, Admission Type and Department? ============================================================",ICU,Elective,,1145.0,Female,,,,,,,,,,,,,,,,,,,,,,,,,,,,,,,,,,,
MA02,"How are admissions distributed across Gender, Admission Type and Department? ============================================================",Orthopedics,Emergency,,1096.0,Female,,,,,,,,,,,,,,,,,,,,,,,,,,,,,,,,,,,
MA02,"How are admissions distributed across Gender, Admission Type and Department? ============================================================",ICU,Emergency,,823.0,Male,,,,,,,,,,,,,,,,,,,,,,,,,,,,,,,,,,,
MA02,"How are admissions distributed across Gender, Admission Type and Department? ============================================================",ICU,Emergency,,698.0,Female,,,,,,,,,,,,,,,,,,,,,,,,,,,,,,,,,,,
MA02,"How are admissions distributed across Gender, Admission Type and Department? ============================================================",Surgery,Elective,,124.0,Other,,,,,,,,,,,,,,,,,,,,,,,,,,,,,,,,,,,
MA02,"How are admissions distributed across Gender, Admission Type and Department? ============================================================",Pediatrics,Elective,,109.0,Other,,,,,,,,,,,,,,,,,,,,,,,,,,,,,,,,,,,
MA02,"How are admissions distributed across Gender, Admission Type and Department? ============================================================",Internal Medicine,Elective,,88.0,Other,,,,,,,,,,,,,,,,,,,,,,,,,,,,,,,,,,,
MA02,"How are admissions distributed across Gender, Admission Type and Department? ============================================================",Emergency,Elective,,85.0,Other,,,,,,,,,,,,,,,,,,,,,,,,,,,,,,,,,,,
MA02,"How are admissions distributed across Gender, Admission Type and Department? ============================================================",Pediatrics,Emergency,,74.0,Other,,,,,,,,,,,,,,,,,,,,,,,,,,,,,,,,,,,
MA02,"How are admissions distributed across Gender, Admission Type and Department? ============================================================",Orthopedics,Elective,,72.0,Other,,,,,,,,,,,,,,,,,,,,,,,,,,,,,,,,,,,
MA02,"How are admissions distributed across Gender, Admission Type and Department? ============================================================",Emergency,Emergency,,72.0,Other,,,,,,,,,,,,,,,,,,,,,,,,,,,,,,,,,,,
MA02,"How are admissions distributed across Gender, Admission Type and Department? ============================================================",Internal Medicine,Emergency,,70.0,Other,,,,,,,,,,,,,,,,,,,,,,,,,,,,,,,,,,,
MA02,"How are admissions distributed across Gender, Admission Type and Department? ============================================================",Surgery,Emergency,,65.0,Other,,,,,,,,,,,,,,,,,,,,,,,,,,,,,,,,,,,
MA02,"How are admissions distributed across Gender, Admission Type and Department? ============================================================",Orthopedics,Emergency,,55.0,Other,,,,,,,,,,,,,,,,,,,,,,,,,,,,,,,,,,,
MA02,"How are admissions distributed across Gender, Admission Type and Department? ============================================================",ICU,Elective,,53.0,Other,,,,,,,,,,,,,,,,,,,,,,,,,,,,,,,,,,,
MA02,"How are admissions distributed across Gender, Admission Type and Department? ============================================================",ICU,Emergency,,44.0,Other,,,,,,,,,,,,,,,,,,,,,,,,,,,,,,,,,,,
MA03,Which Disease Categories generate the highest admissions across different Admission Types and Ward Types? ============================================,,Elective,Infectious,3781.0,,General,,,,,,,,,,,,,,,,,,,,,,,,,,,,,,,,,,
MA03,Which Disease Categories generate the highest admissions across different Admission Types and Ward Types? ============================================,,Emergency,Infectious,2564.0,,General,,,,,,,,,,,,,,,,,,,,,,,,,,,,,,,,,,
MA03,Which Disease Categories generate the highest admissions across different Admission Types and Ward Types? ============================================,,Elective,Surgical,2193.0,,General,,,,,,,,,,,,,,,,,,,,,,,,,,,,,,,,,,
MA03,Which Disease Categories generate the highest admissions across different Admission Types and Ward Types? ============================================,,Emergency,Surgical,1570.0,,General,,,,,,,,,,,,,,,,,,,,,,,,,,,,,,,,,,
MA03,Which Disease Categories generate the highest admissions across different Admission Types and Ward Types? ============================================,,Elective,Respiratory,1558.0,,General,,,,,,,,,,,,,,,,,,,,,,,,,,,,,,,,,,
MA03,Which Disease Categories generate the highest admissions across different Admission Types and Ward Types? ============================================,,Elective,Cardiac,1519.0,,General,,,,,,,,,,,,,,,,,,,,,,,,,,,,,,,,,,
MA03,Which Disease Categories generate the highest admissions across different Admission Types and Ward Types? ============================================,,Elective,Pediatric,1482.0,,General,,,,,,,,,,,,,,,,,,,,,,,,,,,,,,,,,,
MA03,Which Disease Categories generate the highest admissions across different Admission Types and Ward Types? ============================================,,Elective,Infectious,1347.0,,Private,,,,,,,,,,,,,,,,,,,,,,,,,,,,,,,,,,
MA03,Which Disease Categories generate the highest admissions across different Admission Types and Ward Types? ============================================,,Emergency,Respiratory,1063.0,,General,,,,,,,,,,,,,,,,,,,,,,,,,,,,,,,,,,
MA03,Which Disease Categories generate the highest admissions across different Admission Types and Ward Types? ============================================,,Emergency,Cardiac,1053.0,,General,,,,,,,,,,,,,,,,,,,,,,,,,,,,,,,,,,
MA03,Which Disease Categories generate the highest admissions across different Admission Types and Ward Types? ============================================,,Emergency,Pediatric,1006.0,,General,,,,,,,,,,,,,,,,,,,,,,,,,,,,,,,,,,
MA03,Which Disease Categories generate the highest admissions across different Admission Types and Ward Types? ============================================,,Elective,Infectious,1004.0,,Semi-Private,,,,,,,,,,,,,,,,,,,,,,,,,,,,,,,,,,
MA03,Which Disease Categories generate the highest admissions across different Admission Types and Ward Types? ============================================,,Emergency,Infectious,910.0,,Private,,,,,,,,,,,,,,,,,,,,,,,,,,,,,,,,,,
MA03,Which Disease Categories generate the highest admissions across different Admission Types and Ward Types? ============================================,,Elective,Surgical,844.0,,Private,,,,,,,,,,,,,,,,,,,,,,,,,,,,,,,,,,
MA03,Which Disease Categories generate the highest admissions across different Admission Types and Ward Types? ============================================,,Elective,Trauma,813.0,,General,,,,,,,,,,,,,,,,,,,,,,,,,,,,,,,,,,
MA03,Which Disease Categories generate the highest admissions across different Admission Types and Ward Types? ============================================,,Elective,Orthopedic,792.0,,General,,,,,,,,,,,,,,,,,,,,,,,,,,,,,,,,,,
MA03,Which Disease Categories generate the highest admissions across different Admission Types and Ward Types? ============================================,,Elective,Endocrine,747.0,,General,,,,,,,,,,,,,,,,,,,,,,,,,,,,,,,,,,
MA03,Which Disease Categories generate the highest admissions across different Admission Types and Ward Types? ============================================,,Elective,Renal,728.0,,General,,,,,,,,,,,,,,,,,,,,,,,,,,,,,,,,,,
MA03,Which Disease Categories generate the highest admissions across different Admission Types and Ward Types? ============================================,,Elective,Hematological,724.0,,General,,,,,,,,,,,,,,,,,,,,,,,,,,,,,,,,,,
MA03,Which Disease Categories generate the highest admissions across different Admission Types and Ward Types? ============================================,,Elective,Neurological,722.0,,General,,,,,,,,,,,,,,,,,,,,,,,,,,,,,,,,,,
MA03,Which Disease Categories generate the highest admissions across different Admission Types and Ward Types? ============================================,,Emergency,Infectious,628.0,,Semi-Private,,,,,,,,,,,,,,,,,,,,,,,,,,,,,,,,,,
MA03,Which Disease Categories generate the highest admissions across different Admission Types and Ward Types? ============================================,,Elective,Surgical,608.0,,Semi-Private,,,,,,,,,,,,,,,,,,,,,,,,,,,,,,,,,,
MA03,Which Disease Categories generate the highest admissions across different Admission Types and Ward Types? ============================================,,Elective,Infectious,601.0,,ICU,,,,,,,,,,,,,,,,,,,,,,,,,,,,,,,,,,
MA03,Which Disease Categories generate the highest admissions across different Admission Types and Ward Types? ============================================,,Emergency,Surgical,546.0,,Private,,,,,,,,,,,,,,,,,,,,,,,,,,,,,,,,,,
MA03,Which Disease Categories generate the highest admissions across different Admission Types and Ward Types? ============================================,,Emergency,Hematological,538.0,,General,,,,,,,,,,,,,,,,,,,,,,,,,,,,,,,,,,
MA03,Which Disease Categories generate the highest admissions across different Admission Types and Ward Types? ============================================,,Emergency,Neurological,536.0,,General,,,,,,,,,,,,,,,,,,,,,,,,,,,,,,,,,,
MA03,Which Disease Categories generate the highest admissions across different Admission Types and Ward Types? ============================================,,Elective,Respiratory,536.0,,Private,,,,,,,,,,,,,,,,,,,,,,,,,,,,,,,,,,
MA03,Which Disease Categories generate the highest admissions across different Admission Types and Ward Types? ============================================,,Emergency,Orthopedic,512.0,,General,,,,,,,,,,,,,,,,,,,,,,,,,,,,,,,,,,
MA03,Which Disease Categories generate the highest admissions across different Admission Types and Ward Types? ============================================,,Elective,Pediatric,512.0,,Private,,,,,,,,,,,,,,,,,,,,,,,,,,,,,,,,,,
MA03,Which Disease Categories generate the highest admissions across different Admission Types and Ward Types? ============================================,,Elective,Cardiac,510.0,,Private,,,,,,,,,,,,,,,,,,,,,,,,,,,,,,,,,,
MA03,Which Disease Categories generate the highest admissions across different Admission Types and Ward Types? ============================================,,Emergency,Renal,495.0,,General,,,,,,,,,,,,,,,,,,,,,,,,,,,,,,,,,,
MA03,Which Disease Categories generate the highest admissions across different Admission Types and Ward Types? ============================================,,Emergency,Trauma,493.0,,General,,,,,,,,,,,,,,,,,,,,,,,,,,,,,,,,,,
MA03,Which Disease Categories generate the highest admissions across different Admission Types and Ward Types? ============================================,,Emergency,Endocrine,490.0,,General,,,,,,,,,,,,,,,,,,,,,,,,,,,,,,,,,,
MA03,Which Disease Categories generate the highest admissions across different Admission Types and Ward Types? ============================================,,Elective,Respiratory,415.0,,Semi-Private,,,,,,,,,,,,,,,,,,,,,,,,,,,,,,,,,,
MA03,Which Disease Categories generate the highest admissions across different Admission Types and Ward Types? ============================================,,Emergency,Infectious,413.0,,ICU,,,,,,,,,,,,,,,,,,,,,,,,,,,,,,,,,,
MA03,Which Disease Categories generate the highest admissions across different Admission Types and Ward Types? ============================================,,Elective,Cardiac,405.0,,Semi-Private,,,,,,,,,,,,,,,,,,,,,,,,,,,,,,,,,,
MA03,Which Disease Categories generate the highest admissions across different Admission Types and Ward Types? ============================================,,Elective,Pediatric,384.0,,Semi-Private,,,,,,,,,,,,,,,,,,,,,,,,,,,,,,,,,,
MA03,Which Disease Categories generate the highest admissions across different Admission Types and Ward Types? ============================================,,Elective,Surgical,380.0,,ICU,,,,,,,,,,,,,,,,,,,,,,,,,,,,,,,,,,
MA03,Which Disease Categories generate the highest admissions across different Admission Types and Ward Types? ============================================,,Emergency,Cardiac,379.0,,Private,,,,,,,,,,,,,,,,,,,,,,,,,,,,,,,,,,
MA03,Which Disease Categories generate the highest admissions across different Admission Types and Ward Types? ============================================,,Emergency,Surgical,360.0,,Semi-Private,,,,,,,,,,,,,,,,,,,,,,,,,,,,,,,,,,
MA03,Which Disease Categories generate the highest admissions across different Admission Types and Ward Types? ============================================,,Emergency,Respiratory,346.0,,Private,,,,,,,,,,,,,,,,,,,,,,,,,,,,,,,,,,
MA03,Which Disease Categories generate the highest admissions across different Admission Types and Ward Types? ============================================,,Emergency,Pediatric,345.0,,Private,,,,,,,,,,,,,,,,,,,,,,,,,,,,,,,,,,
MA03,Which Disease Categories generate the highest admissions across different Admission Types and Ward Types? ============================================,,Elective,Neurological,289.0,,Private,,,,,,,,,,,,,,,,,,,,,,,,,,,,,,,,,,
MA03,Which Disease Categories generate the highest admissions across different Admission Types and Ward Types? ============================================,,Elective,Endocrine,285.0,,Private,,,,,,,,,,,,,,,,,,,,,,,,,,,,,,,,,,
MA03,Which Disease Categories generate the highest admissions across different Admission Types and Ward Types? ============================================,,Elective,Renal,285.0,,Private,,,,,,,,,,,,,,,,,,,,,,,,,,,,,,,,,,
MA03,Which Disease Categories generate the highest admissions across different Admission Types and Ward Types? ============================================,,Elective,Trauma,278.0,,Private,,,,,,,,,,,,,,,,,,,,,,,,,,,,,,,,,,
MA03,Which Disease Categories generate the highest admissions across different Admission Types and Ward Types? ============================================,,Emergency,Pediatric,277.0,,Semi-Private,,,,,,,,,,,,,,,,,,,,,,,,,,,,,,,,,,
MA03,Which Disease Categories generate the highest admissions across different Admission Types and Ward Types? ============================================,,Emergency,Cardiac,273.0,,Semi-Private,,,,,,,,,,,,,,,,,,,,,,,,,,,,,,,,,,
MA03,Which Disease Categories generate the highest admissions across different Admission Types and Ward Types? ============================================,,Emergency,Respiratory,270.0,,Semi-Private,,,,,,,,,,,,,,,,,,,,,,,,,,,,,,,,,,
MA03,Which Disease Categories generate the highest admissions across different Admission Types and Ward Types? ============================================,,Elective,Hematological,257.0,,Private,,,,,,,,,,,,,,,,,,,,,,,,,,,,,,,,,,
MA03,Which Disease Categories generate the highest admissions across different Admission Types and Ward Types? ============================================,,Elective,Pediatric,257.0,,ICU,,,,,,,,,,,,,,,,,,,,,,,,,,,,,,,,,,
MA03,Which Disease Categories generate the highest admissions across different Admission Types and Ward Types? ============================================,,Elective,Orthopedic,247.0,,Private,,,,,,,,,,,,,,,,,,,,,,,,,,,,,,,,,,
MA03,Which Disease Categories generate the highest admissions across different Admission Types and Ward Types? ============================================,,Elective,Cardiac,241.0,,ICU,,,,,,,,,,,,,,,,,,,,,,,,,,,,,,,,,,
MA03,Which Disease Categories generate the highest admissions across different Admission Types and Ward Types? ============================================,,Elective,Respiratory,221.0,,ICU,,,,,,,,,,,,,,,,,,,,,,,,,,,,,,,,,,
MA03,Which Disease Categories generate the highest admissions across different Admission Types and Ward Types? ============================================,,Emergency,Surgical,210.0,,ICU,,,,,,,,,,,,,,,,,,,,,,,,,,,,,,,,,,
MA03,Which Disease Categories generate the highest admissions across different Admission Types and Ward Types? ============================================,,Elective,Renal,207.0,,Semi-Private,,,,,,,,,,,,,,,,,,,,,,,,,,,,,,,,,,
MA03,Which Disease Categories generate the highest admissions across different Admission Types and Ward Types? ============================================,,Elective,Neurological,205.0,,Semi-Private,,,,,,,,,,,,,,,,,,,,,,,,,,,,,,,,,,
MA03,Which Disease Categories generate the highest admissions across different Admission Types and Ward Types? ============================================,,Emergency,Neurological,205.0,,Private,,,,,,,,,,,,,,,,,,,,,,,,,,,,,,,,,,
MA03,Which Disease Categories generate the highest admissions across different Admission Types and Ward Types? ============================================,,Emergency,Orthopedic,199.0,,Private,,,,,,,,,,,,,,,,,,,,,,,,,,,,,,,,,,
MA03,Which Disease Categories generate the highest admissions across different Admission Types and Ward Types? ============================================,,Elective,Endocrine,198.0,,Semi-Private,,,,,,,,,,,,,,,,,,,,,,,,,,,,,,,,,,
MA03,Which Disease Categories generate the highest admissions across different Admission Types and Ward Types? ============================================,,Elective,Orthopedic,198.0,,Semi-Private,,,,,,,,,,,,,,,,,,,,,,,,,,,,,,,,,,
MA03,Which Disease Categories generate the highest admissions across different Admission Types and Ward Types? ============================================,,Elective,Hematological,192.0,,Semi-Private,,,,,,,,,,,,,,,,,,,,,,,,,,,,,,,,,,
MA03,Which Disease Categories generate the highest admissions across different Admission Types and Ward Types? ============================================,,Elective,Trauma,183.0,,Semi-Private,,,,,,,,,,,,,,,,,,,,,,,,,,,,,,,,,,
MA03,Which Disease Categories generate the highest admissions across different Admission Types and Ward Types? ============================================,,Emergency,Renal,178.0,,Private,,,,,,,,,,,,,,,,,,,,,,,,,,,,,,,,,,
MA03,Which Disease Categories generate the highest admissions across different Admission Types and Ward Types? ============================================,,Emergency,Hematological,177.0,,Private,,,,,,,,,,,,,,,,,,,,,,,,,,,,,,,,,,
MA03,Which Disease Categories generate the highest admissions across different Admission Types and Ward Types? ============================================,,Emergency,Endocrine,174.0,,Private,,,,,,,,,,,,,,,,,,,,,,,,,,,,,,,,,,
MA03,Which Disease Categories generate the highest admissions across different Admission Types and Ward Types? ============================================,,Emergency,Pediatric,173.0,,ICU,,,,,,,,,,,,,,,,,,,,,,,,,,,,,,,,,,
MA03,Which Disease Categories generate the highest admissions across different Admission Types and Ward Types? ============================================,,Emergency,Trauma,158.0,,Private,,,,,,,,,,,,,,,,,,,,,,,,,,,,,,,,,,
MA03,Which Disease Categories generate the highest admissions across different Admission Types and Ward Types? ============================================,,Emergency,Respiratory,155.0,,ICU,,,,,,,,,,,,,,,,,,,,,,,,,,,,,,,,,,
MA03,Which Disease Categories generate the highest admissions across different Admission Types and Ward Types? ============================================,,Emergency,Cardiac,145.0,,ICU,,,,,,,,,,,,,,,,,,,,,,,,,,,,,,,,,,
MA03,Which Disease Categories generate the highest admissions across different Admission Types and Ward Types? ============================================,,Elective,Neurological,141.0,,ICU,,,,,,,,,,,,,,,,,,,,,,,,,,,,,,,,,,
MA03,Which Disease Categories generate the highest admissions across different Admission Types and Ward Types? ============================================,,Emergency,Renal,139.0,,Semi-Private,,,,,,,,,,,,,,,,,,,,,,,,,,,,,,,,,,
MA03,Which Disease Categories generate the highest admissions across different Admission Types and Ward Types? ============================================,,Elective,Orthopedic,137.0,,ICU,,,,,,,,,,,,,,,,,,,,,,,,,,,,,,,,,,
MA03,Which Disease Categories generate the highest admissions across different Admission Types and Ward Types? ============================================,,Emergency,Hematological,134.0,,Semi-Private,,,,,,,,,,,,,,,,,,,,,,,,,,,,,,,,,,
MA03,Which Disease Categories generate the highest admissions across different Admission Types and Ward Types? ============================================,,Elective,Renal,132.0,,ICU,,,,,,,,,,,,,,,,,,,,,,,,,,,,,,,,,,
MA03,Which Disease Categories generate the highest admissions across different Admission Types and Ward Types? ============================================,,Emergency,Trauma,130.0,,Semi-Private,,,,,,,,,,,,,,,,,,,,,,,,,,,,,,,,,,
MA03,Which Disease Categories generate the highest admissions across different Admission Types and Ward Types? ============================================,,Emergency,Neurological,129.0,,Semi-Private,,,,,,,,,,,,,,,,,,,,,,,,,,,,,,,,,,
MA03,Which Disease Categories generate the highest admissions across different Admission Types and Ward Types? ============================================,,Elective,Hematological,125.0,,ICU,,,,,,,,,,,,,,,,,,,,,,,,,,,,,,,,,,
MA03,Which Disease Categories generate the highest admissions across different Admission Types and Ward Types? ============================================,,Emergency,Orthopedic,125.0,,Semi-Private,,,,,,,,,,,,,,,,,,,,,,,,,,,,,,,,,,
MA03,Which Disease Categories generate the highest admissions across different Admission Types and Ward Types? ============================================,,Elective,Endocrine,122.0,,ICU,,,,,,,,,,,,,,,,,,,,,,,,,,,,,,,,,,
MA03,Which Disease Categories generate the highest admissions across different Admission Types and Ward Types? ============================================,,Elective,Trauma,118.0,,ICU,,,,,,,,,,,,,,,,,,,,,,,,,,,,,,,,,,
MA03,Which Disease Categories generate the highest admissions across different Admission Types and Ward Types? ============================================,,Emergency,Endocrine,110.0,,Semi-Private,,,,,,,,,,,,,,,,,,,,,,,,,,,,,,,,,,
MA03,Which Disease Categories generate the highest admissions across different Admission Types and Ward Types? ============================================,,Emergency,Hematological,88.0,,ICU,,,,,,,,,,,,,,,,,,,,,,,,,,,,,,,,,,
MA03,Which Disease Categories generate the highest admissions across different Admission Types and Ward Types? ============================================,,Emergency,Renal,87.0,,ICU,,,,,,,,,,,,,,,,,,,,,,,,,,,,,,,,,,
MA03,Which Disease Categories generate the highest admissions across different Admission Types and Ward Types? ============================================,,Emergency,Trauma,80.0,,ICU,,,,,,,,,,,,,,,,,,,,,,,,,,,,,,,,,,
MA03,Which Disease Categories generate the highest admissions across different Admission Types and Ward Types? ============================================,,Emergency,Orthopedic,78.0,,ICU,,,,,,,,,,,,,,,,,,,,,,,,,,,,,,,,,,
MA03,Which Disease Categories generate the highest admissions across different Admission Types and Ward Types? ============================================,,Emergency,Neurological,73.0,,ICU,,,,,,,,,,,,,,,,,,,,,,,,,,,,,,,,,,
MA03,Which Disease Categories generate the highest admissions across different Admission Types and Ward Types? ============================================,,Emergency,Endocrine,63.0,,ICU,,,,,,,,,,,,,,,,,,,,,,,,,,,,,,,,,,
MA04,"What is the bed occupancy across Department, Ward Type and Bed Status? ============================================================",ICU,,,,,ICU,65.0,52.0,13.0,,,,,,,,,,,,,,,,,,,,,,,,,,,,,,,
MA04,"What is the bed occupancy across Department, Ward Type and Bed Status? ============================================================",Emergency,,,,,General,60.0,38.0,22.0,,,,,,,,,,,,,,,,,,,,,,,,,,,,,,,
MA04,"What is the bed occupancy across Department, Ward Type and Bed Status? ============================================================",Surgery,,,,,General,55.0,35.0,20.0,,,,,,,,,,,,,,,,,,,,,,,,,,,,,,,
MA04,"What is the bed occupancy across Department, Ward Type and Bed Status? ============================================================",Internal Medicine,,,,,General,40.0,25.0,15.0,,,,,,,,,,,,,,,,,,,,,,,,,,,,,,,
MA04,"What is the bed occupancy across Department, Ward Type and Bed Status? ============================================================",Pediatrics,,,,,General,35.0,22.0,13.0,,,,,,,,,,,,,,,,,,,,,,,,,,,,,,,
MA04,"What is the bed occupancy across Department, Ward Type and Bed Status? ============================================================",Surgery,,,,,Private,35.0,22.0,13.0,,,,,,,,,,,,,,,,,,,,,,,,,,,,,,,
MA04,"What is the bed occupancy across Department, Ward Type and Bed Status? ============================================================",Pediatrics,,,,,Semi-Private,35.0,21.0,14.0,,,,,,,,,,,,,,,,,,,,,,,,,,,,,,,
MA04,"What is the bed occupancy across Department, Ward Type and Bed Status? ============================================================",Orthopedics,,,,,General,30.0,18.0,12.0,,,,,,,,,,,,,,,,,,,,,,,,,,,,,,,
MA04,"What is the bed occupancy across Department, Ward Type and Bed Status? ============================================================",Internal Medicine,,,,,Private,25.0,15.0,10.0,,,,,,,,,,,,,,,,,,,,,,,,,,,,,,,
MA04,"What is the bed occupancy across Department, Ward Type and Bed Status? ============================================================",Orthopedics,,,,,Semi-Private,20.0,13.0,7.0,,,,,,,,,,,,,,,,,,,,,,,,,,,,,,,
MA04,"What is the bed occupancy across Department, Ward Type and Bed Status? ============================================================",Emergency,,,,,Private,15.0,9.0,6.0,,,,,,,,,,,,,,,,,,,,,,,,,,,,,,,
MA05,"How does staff coverage vary by Department, Ward Type and Shift? ============================================================",ICU,,,,,ICU,,,,Night,12.0,,,,,,,,,,,,,,,,,,,,,,,,,,,,,
MA05,"How does staff coverage vary by Department, Ward Type and Shift? ============================================================",Surgery,,,,,General,,,,Night,12.0,,,,,,,,,,,,,,,,,,,,,,,,,,,,,
MA05,"How does staff coverage vary by Department, Ward Type and Shift? ============================================================",Orthopedics,,,,,General,,,,Evening,11.0,,,,,,,,,,,,,,,,,,,,,,,,,,,,,
MA05,"How does staff coverage vary by Department, Ward Type and Shift? ============================================================",Emergency,,,,,General,,,,Night,10.0,,,,,,,,,,,,,,,,,,,,,,,,,,,,,
MA05,"How does staff coverage vary by Department, Ward Type and Shift? ============================================================",ICU,,,,,ICU,,,,Morning,10.0,,,,,,,,,,,,,,,,,,,,,,,,,,,,,
MA05,"How does staff coverage vary by Department, Ward Type and Shift? ============================================================",Emergency,,,,,General,,,,Evening,8.0,,,,,,,,,,,,,,,,,,,,,,,,,,,,,
MA05,"How does staff coverage vary by Department, Ward Type and Shift? ============================================================",Emergency,,,,,General,,,,Morning,8.0,,,,,,,,,,,,,,,,,,,,,,,,,,,,,
MA05,"How does staff coverage vary by Department, Ward Type and Shift? ============================================================",ICU,,,,,ICU,,,,Evening,8.0,,,,,,,,,,,,,,,,,,,,,,,,,,,,,
MA05,"How does staff coverage vary by Department, Ward Type and Shift? ============================================================",Internal Medicine,,,,,General,,,,Evening,8.0,,,,,,,,,,,,,,,,,,,,,,,,,,,,,
MA05,"How does staff coverage vary by Department, Ward Type and Shift? ============================================================",Internal Medicine,,,,,General,,,,Night,8.0,,,,,,,,,,,,,,,,,,,,,,,,,,,,,
MA05,"How does staff coverage vary by Department, Ward Type and Shift? ============================================================",Pediatrics,,,,,General,,,,Morning,8.0,,,,,,,,,,,,,,,,,,,,,,,,,,,,,
MA05,"How does staff coverage vary by Department, Ward Type and Shift? ============================================================",Pediatrics,,,,,Semi-Private,,,,Evening,8.0,,,,,,,,,,,,,,,,,,,,,,,,,,,,,
MA05,"How does staff coverage vary by Department, Ward Type and Shift? ============================================================",Internal Medicine,,,,,General,,,,Morning,7.0,,,,,,,,,,,,,,,,,,,,,,,,,,,,,
MA05,"How does staff coverage vary by Department, Ward Type and Shift? ============================================================",Internal Medicine,,,,,Private,,,,Night,7.0,,,,,,,,,,,,,,,,,,,,,,,,,,,,,
MA05,"How does staff coverage vary by Department, Ward Type and Shift? ============================================================",Orthopedics,,,,,General,,,,Morning,7.0,,,,,,,,,,,,,,,,,,,,,,,,,,,,,
MA05,"How does staff coverage vary by Department, Ward Type and Shift? ============================================================",Emergency,,,,,Private,,,,Night,6.0,,,,,,,,,,,,,,,,,,,,,,,,,,,,,
MA05,"How does staff coverage vary by Department, Ward Type and Shift? ============================================================",Pediatrics,,,,,Semi-Private,,,,Morning,6.0,,,,,,,,,,,,,,,,,,,,,,,,,,,,,
MA05,"How does staff coverage vary by Department, Ward Type and Shift? ============================================================",Surgery,,,,,Private,,,,Evening,6.0,,,,,,,,,,,,,,,,,,,,,,,,,,,,,
MA05,"How does staff coverage vary by Department, Ward Type and Shift? ============================================================",Surgery,,,,,Private,,,,Night,6.0,,,,,,,,,,,,,,,,,,,,,,,,,,,,,
MA05,"How does staff coverage vary by Department, Ward Type and Shift? ============================================================",Pediatrics,,,,,General,,,,Evening,5.0,,,,,,,,,,,,,,,,,,,,,,,,,,,,,
MA05,"How does staff coverage vary by Department, Ward Type and Shift? ============================================================",Pediatrics,,,,,Semi-Private,,,,Night,5.0,,,,,,,,,,,,,,,,,,,,,,,,,,,,,
MA05,"How does staff coverage vary by Department, Ward Type and Shift? ============================================================",Surgery,,,,,General,,,,Morning,5.0,,,,,,,,,,,,,,,,,,,,,,,,,,,,,
MA05,"How does staff coverage vary by Department, Ward Type and Shift? ============================================================",Emergency,,,,,Private,,,,Morning,4.0,,,,,,,,,,,,,,,,,,,,,,,,,,,,,
MA05,"How does staff coverage vary by Department, Ward Type and Shift? ============================================================",Internal Medicine,,,,,Private,,,,Evening,4.0,,,,,,,,,,,,,,,,,,,,,,,,,,,,,
MA05,"How does staff coverage vary by Department, Ward Type and Shift? ============================================================",Internal Medicine,,,,,Private,,,,Morning,4.0,,,,,,,,,,,,,,,,,,,,,,,,,,,,,
MA05,"How does staff coverage vary by Department, Ward Type and Shift? ============================================================",Pediatrics,,,,,General,,,,Night,4.0,,,,,,,,,,,,,,,,,,,,,,,,,,,,,
MA05,"How does staff coverage vary by Department, Ward Type and Shift? ============================================================",Surgery,,,,,General,,,,Evening,4.0,,,,,,,,,,,,,,,,,,,,,,,,,,,,,
MA05,"How does staff coverage vary by Department, Ward Type and Shift? ============================================================",Surgery,,,,,Private,,,,Morning,4.0,,,,,,,,,,,,,,,,,,,,,,,,,,,,,
MA05,"How does staff coverage vary by Department, Ward Type and Shift? ============================================================",Orthopedics,,,,,General,,,,Night,3.0,,,,,,,,,,,,,,,,,,,,,,,,,,,,,
MA05,"How does staff coverage vary by Department, Ward Type and Shift? ============================================================",Orthopedics,,,,,Semi-Private,,,,Evening,3.0,,,,,,,,,,,,,,,,,,,,,,,,,,,,,
MA05,"How does staff coverage vary by Department, Ward Type and Shift? ============================================================",Orthopedics,,,,,Semi-Private,,,,Night,3.0,,,,,,,,,,,,,,,,,,,,,,,,,,,,,
MA05,"How does staff coverage vary by Department, Ward Type and Shift? ============================================================",Orthopedics,,,,,Semi-Private,,,,Morning,2.0,,,,,,,,,,,,,,,,,,,,,,,,,,,,,
MA05,"How does staff coverage vary by Department, Ward Type and Shift? ============================================================",Emergency,,,,,Private,,,,Evening,1.0,,,,,,,,,,,,,,,,,,,,,,,,,,,,,
MA06,"Which departments have the highest Admissions per Doctor based on Department, Doctor Count and Admission Volume? =====================================",Pediatrics,,,,,,,,,,,3.0,8438.0,2812.6666666666665,,,,,,,,,,,,,,,,,,,,,,,,,,
MA06,"Which departments have the highest Admissions per Doctor based on Department, Doctor Count and Admission Volume? =====================================",Surgery,,,,,,,,,,,5.0,10126.0,2025.2,,,,,,,,,,,,,,,,,,,,,,,,,,
MA06,"Which departments have the highest Admissions per Doctor based on Department, Doctor Count and Admission Volume? =====================================",Orthopedics,,,,,,,,,,,8.0,5924.0,740.5,,,,,,,,,,,,,,,,,,,,,,,,,,
MA06,"Which departments have the highest Admissions per Doctor based on Department, Doctor Count and Admission Volume? =====================================",Internal Medicine,,,,,,,,,,,11.0,7695.0,699.5454545454545,,,,,,,,,,,,,,,,,,,,,,,,,,
MA06,"Which departments have the highest Admissions per Doctor based on Department, Doctor Count and Admission Volume? =====================================",Emergency,,,,,,,,,,,13.0,8777.0,675.1538461538462,,,,,,,,,,,,,,,,,,,,,,,,,,
MA06,"Which departments have the highest Admissions per Doctor based on Department, Doctor Count and Admission Volume? =====================================",ICU,,,,,,,,,,,9.0,4040.0,448.8888888888889,,,,,,,,,,,,,,,,,,,,,,,,,,
MA07,"Which departments have the highest diagnostic workload based on Department, Test Category and Result Status? =========================================",Pathology,,,,,,,,,,,,,,Pathology,35182.0,17723.0,,,,,,,,,,,,,,,,,,,,,,,
MA07,"Which departments have the highest diagnostic workload based on Department, Test Category and Result Status? =========================================",Radiology,,,,,,,,,,,,,,Radiology,28087.0,14100.0,,,,,,,,,,,,,,,,,,,,,,,
MA08,How does hospital revenue vary by Department and Admission Type? ============================================================,Surgery,Elective,,,,,,,,,,,,,,,,5984.0,222413797.0,37168.08104946524,,,,,,,,,,,,,,,,,,,,
MA08,How does hospital revenue vary by Department and Admission Type? ============================================================,Emergency,Elective,,,,,,,,,,,,,,,,5299.0,199715681.0,37689.31515380261,,,,,,,,,,,,,,,,,,,,
MA08,How does hospital revenue vary by Department and Admission Type? ============================================================,Pediatrics,Elective,,,,,,,,,,,,,,,,5084.0,190683762.0,37506.64083398898,,,,,,,,,,,,,,,,,,,,
MA08,How does hospital revenue vary by Department and Admission Type? ============================================================,Internal Medicine,Elective,,,,,,,,,,,,,,,,4575.0,173767413.0,37981.948196721314,,,,,,,,,,,,,,,,,,,,
MA08,How does hospital revenue vary by Department and Admission Type? ============================================================,Surgery,Emergency,,,,,,,,,,,,,,,,4142.0,154802437.0,37373.83800096572,,,,,,,,,,,,,,,,,,,,
MA08,How does hospital revenue vary by Department and Admission Type? ============================================================,Orthopedics,Elective,,,,,,,,,,,,,,,,3506.0,132215919.0,37711.328864803196,,,,,,,,,,,,,,,,,,,,
MA08,How does hospital revenue vary by Department and Admission Type? ============================================================,Emergency,Emergency,,,,,,,,,,,,,,,,3478.0,130022548.0,37384.28637147786,,,,,,,,,,,,,,,,,,,,
MA08,How does hospital revenue vary by Department and Admission Type? ============================================================,Pediatrics,Emergency,,,,,,,,,,,,,,,,3354.0,125031060.0,37278.19320214669,,,,,,,,,,,,,,,,,,,,
MA08,How does hospital revenue vary by Department and Admission Type? ============================================================,Internal Medicine,Emergency,,,,,,,,,,,,,,,,3120.0,115798646.0,37114.95064102564,,,,,,,,,,,,,,,,,,,,
MA08,How does hospital revenue vary by Department and Admission Type? ============================================================,ICU,Elective,,,,,,,,,,,,,,,,2475.0,91851842.0,37111.85535353536,,,,,,,,,,,,,,,,,,,,
MA08,How does hospital revenue vary by Department and Admission Type? ============================================================,Orthopedics,Emergency,,,,,,,,,,,,,,,,2418.0,90369797.0,37373.77874276262,,,,,,,,,,,,,,,,,,,,
MA08,How does hospital revenue vary by Department and Admission Type? ============================================================,ICU,Emergency,,,,,,,,,,,,,,,,1565.0,57573207.0,36787.991693290736,,,,,,,,,,,,,,,,,,,,
MA09,"Which Department, Payment Mode and Payment Status combinations contribute most to revenue and outstanding bills? =====================================",Surgery,,,,,,,,,,,,,,,,,4114.0,155209355.0,,Insurance,Pending,42425217.7,,,,,,,,,,,,,,,,,
MA09,"Which Department, Payment Mode and Payment Status combinations contribute most to revenue and outstanding bills? =====================================",Surgery,,,,,,,,,,,,,,,,,4002.0,149045553.0,,Insurance,Paid,0.0,,,,,,,,,,,,,,,,,
MA09,"Which Department, Payment Mode and Payment Status combinations contribute most to revenue and outstanding bills? =====================================",Emergency,,,,,,,,,,,,,,,,,3524.0,132201895.0,,Insurance,Pending,36768344.7,,,,,,,,,,,,,,,,,
MA09,"Which Department, Payment Mode and Payment Status combinations contribute most to revenue and outstanding bills? =====================================",Pediatrics,,,,,,,,,,,,,,,,,3459.0,129708513.0,,Insurance,Pending,35070311.0,,,,,,,,,,,,,,,,,
MA09,"Which Department, Payment Mode and Payment Status combinations contribute most to revenue and outstanding bills? =====================================",Emergency,,,,,,,,,,,,,,,,,3444.0,128108958.0,,Insurance,Paid,0.0,,,,,,,,,,,,,,,,,
MA09,"Which Department, Payment Mode and Payment Status combinations contribute most to revenue and outstanding bills? =====================================",Pediatrics,,,,,,,,,,,,,,,,,3346.0,124975093.0,,Insurance,Paid,0.0,,,,,,,,,,,,,,,,,
MA09,"Which Department, Payment Mode and Payment Status combinations contribute most to revenue and outstanding bills? =====================================",Internal Medicine,,,,,,,,,,,,,,,,,3157.0,119297681.0,,Insurance,Pending,32783098.3,,,,,,,,,,,,,,,,,
MA09,"Which Department, Payment Mode and Payment Status combinations contribute most to revenue and outstanding bills? =====================================",Internal Medicine,,,,,,,,,,,,,,,,,3028.0,113203577.0,,Insurance,Paid,0.0,,,,,,,,,,,,,,,,,
MA09,"Which Department, Payment Mode and Payment Status combinations contribute most to revenue and outstanding bills? =====================================",Orthopedics,,,,,,,,,,,,,,,,,2379.0,89507721.0,,Insurance,Paid,0.0,,,,,,,,,,,,,,,,,
MA09,"Which Department, Payment Mode and Payment Status combinations contribute most to revenue and outstanding bills? =====================================",Orthopedics,,,,,,,,,,,,,,,,,2334.0,87444666.0,,Insurance,Pending,24102986.3,,,,,,,,,,,,,,,,,
MA09,"Which Department, Payment Mode and Payment Status combinations contribute most to revenue and outstanding bills? =====================================",ICU,,,,,,,,,,,,,,,,,1609.0,60271595.0,,Insurance,Paid,0.0,,,,,,,,,,,,,,,,,
MA09,"Which Department, Payment Mode and Payment Status combinations contribute most to revenue and outstanding bills? =====================================",ICU,,,,,,,,,,,,,,,,,1583.0,58281943.0,,Insurance,Pending,16176686.6,,,,,,,,,,,,,,,,,
MA09,"Which Department, Payment Mode and Payment Status combinations contribute most to revenue and outstanding bills? =====================================",Surgery,,,,,,,,,,,,,,,,,339.0,12810973.0,,Cash,Pending,12810973.0,,,,,,,,,,,,,,,,,
MA09,"Which Department, Payment Mode and Payment Status combinations contribute most to revenue and outstanding bills? =====================================",Emergency,,,,,,,,,,,,,,,,,312.0,12415009.0,,UPI,Paid,0.0,,,,,,,,,,,,,,,,,
MA09,"Which Department, Payment Mode and Payment Status combinations contribute most to revenue and outstanding bills? =====================================",Surgery,,,,,,,,,,,,,,,,,350.0,12414736.0,,Card,Pending,12414736.0,,,,,,,,,,,,,,,,,
MA09,"Which Department, Payment Mode and Payment Status combinations contribute most to revenue and outstanding bills? =====================================",Surgery,,,,,,,,,,,,,,,,,331.0,12249687.0,,Card,Paid,0.0,,,,,,,,,,,,,,,,,
MA09,"Which Department, Payment Mode and Payment Status combinations contribute most to revenue and outstanding bills? =====================================",Surgery,,,,,,,,,,,,,,,,,350.0,12208459.0,,UPI,Paid,0.0,,,,,,,,,,,,,,,,,
MA09,"Which Department, Payment Mode and Payment Status combinations contribute most to revenue and outstanding bills? =====================================",Surgery,,,,,,,,,,,,,,,,,332.0,11798387.0,,UPI,Pending,11798387.0,,,,,,,,,,,,,,,,,
MA09,"Which Department, Payment Mode and Payment Status combinations contribute most to revenue and outstanding bills? =====================================",Emergency,,,,,,,,,,,,,,,,,315.0,11750341.0,,Cash,Paid,0.0,,,,,,,,,,,,,,,,,
MA09,"Which Department, Payment Mode and Payment Status combinations contribute most to revenue and outstanding bills? =====================================",Emergency,,,,,,,,,,,,,,,,,292.0,11542815.0,,Cash,Pending,11542815.0,,,,,,,,,,,,,,,,,
MA09,"Which Department, Payment Mode and Payment Status combinations contribute most to revenue and outstanding bills? =====================================",Surgery,,,,,,,,,,,,,,,,,308.0,11479084.0,,Cash,Paid,0.0,,,,,,,,,,,,,,,,,
MA09,"Which Department, Payment Mode and Payment Status combinations contribute most to revenue and outstanding bills? =====================================",Emergency,,,,,,,,,,,,,,,,,301.0,11425452.0,,Card,Pending,11425452.0,,,,,,,,,,,,,,,,,
MA09,"Which Department, Payment Mode and Payment Status combinations contribute most to revenue and outstanding bills? =====================================",Pediatrics,,,,,,,,,,,,,,,,,296.0,11370576.0,,Card,Pending,11370576.0,,,,,,,,,,,,,,,,,
MA09,"Which Department, Payment Mode and Payment Status combinations contribute most to revenue and outstanding bills? =====================================",Emergency,,,,,,,,,,,,,,,,,292.0,11286628.0,,UPI,Pending,11286628.0,,,,,,,,,,,,,,,,,
MA09,"Which Department, Payment Mode and Payment Status combinations contribute most to revenue and outstanding bills? =====================================",Emergency,,,,,,,,,,,,,,,,,297.0,11007131.0,,Card,Paid,0.0,,,,,,,,,,,,,,,,,
MA09,"Which Department, Payment Mode and Payment Status combinations contribute most to revenue and outstanding bills? =====================================",Pediatrics,,,,,,,,,,,,,,,,,274.0,10509455.0,,UPI,Pending,10509455.0,,,,,,,,,,,,,,,,,
MA09,"Which Department, Payment Mode and Payment Status combinations contribute most to revenue and outstanding bills? =====================================",Pediatrics,,,,,,,,,,,,,,,,,278.0,10119775.0,,Cash,Paid,0.0,,,,,,,,,,,,,,,,,
MA09,"Which Department, Payment Mode and Payment Status combinations contribute most to revenue and outstanding bills? =====================================",Internal Medicine,,,,,,,,,,,,,,,,,263.0,9834405.0,,UPI,Pending,9834405.0,,,,,,,,,,,,,,,,,
MA09,"Which Department, Payment Mode and Payment Status combinations contribute most to revenue and outstanding bills? =====================================",Pediatrics,,,,,,,,,,,,,,,,,275.0,9787879.0,,UPI,Paid,0.0,,,,,,,,,,,,,,,,,
MA09,"Which Department, Payment Mode and Payment Status combinations contribute most to revenue and outstanding bills? =====================================",Pediatrics,,,,,,,,,,,,,,,,,258.0,9698316.0,,Cash,Pending,9698316.0,,,,,,,,,,,,,,,,,
MA09,"Which Department, Payment Mode and Payment Status combinations contribute most to revenue and outstanding bills? =====================================",Internal Medicine,,,,,,,,,,,,,,,,,261.0,9586417.0,,Card,Pending,9586417.0,,,,,,,,,,,,,,,,,
MA09,"Which Department, Payment Mode and Payment Status combinations contribute most to revenue and outstanding bills? =====================================",Internal Medicine,,,,,,,,,,,,,,,,,252.0,9565380.0,,Cash,Pending,9565380.0,,,,,,,,,,,,,,,,,
MA09,"Which Department, Payment Mode and Payment Status combinations contribute most to revenue and outstanding bills? =====================================",Pediatrics,,,,,,,,,,,,,,,,,252.0,9545215.0,,Card,Paid,0.0,,,,,,,,,,,,,,,,,
MA09,"Which Department, Payment Mode and Payment Status combinations contribute most to revenue and outstanding bills? =====================================",Internal Medicine,,,,,,,,,,,,,,,,,240.0,9466482.0,,Cash,Paid,0.0,,,,,,,,,,,,,,,,,
MA09,"Which Department, Payment Mode and Payment Status combinations contribute most to revenue and outstanding bills? =====================================",Internal Medicine,,,,,,,,,,,,,,,,,251.0,9387754.0,,UPI,Paid,0.0,,,,,,,,,,,,,,,,,
MA09,"Which Department, Payment Mode and Payment Status combinations contribute most to revenue and outstanding bills? =====================================",Internal Medicine,,,,,,,,,,,,,,,,,243.0,9224363.0,,Card,Paid,0.0,,,,,,,,,,,,,,,,,
MA09,"Which Department, Payment Mode and Payment Status combinations contribute most to revenue and outstanding bills? =====================================",Orthopedics,,,,,,,,,,,,,,,,,201.0,7902167.0,,Card,Pending,7902167.0,,,,,,,,,,,,,,,,,
MA09,"Which Department, Payment Mode and Payment Status combinations contribute most to revenue and outstanding bills? =====================================",Orthopedics,,,,,,,,,,,,,,,,,213.0,7897108.0,,UPI,Paid,0.0,,,,,,,,,,,,,,,,,
MA09,"Which Department, Payment Mode and Payment Status combinations contribute most to revenue and outstanding bills? =====================================",Orthopedics,,,,,,,,,,,,,,,,,209.0,7585066.0,,UPI,Pending,7585066.0,,,,,,,,,,,,,,,,,
MA09,"Which Department, Payment Mode and Payment Status combinations contribute most to revenue and outstanding bills? =====================================",Orthopedics,,,,,,,,,,,,,,,,,200.0,7493689.0,,Card,Paid,0.0,,,,,,,,,,,,,,,,,
MA09,"Which Department, Payment Mode and Payment Status combinations contribute most to revenue and outstanding bills? =====================================",Orthopedics,,,,,,,,,,,,,,,,,188.0,7445424.0,,Cash,Pending,7445424.0,,,,,,,,,,,,,,,,,
MA09,"Which Department, Payment Mode and Payment Status combinations contribute most to revenue and outstanding bills? =====================================",Orthopedics,,,,,,,,,,,,,,,,,200.0,7309875.0,,Cash,Paid,0.0,,,,,,,,,,,,,,,,,
MA09,"Which Department, Payment Mode and Payment Status combinations contribute most to revenue and outstanding bills? =====================================",ICU,,,,,,,,,,,,,,,,,152.0,5857023.0,,Card,Paid,0.0,,,,,,,,,,,,,,,,,
MA09,"Which Department, Payment Mode and Payment Status combinations contribute most to revenue and outstanding bills? =====================================",ICU,,,,,,,,,,,,,,,,,154.0,5565550.0,,UPI,Paid,0.0,,,,,,,,,,,,,,,,,
MA09,"Which Department, Payment Mode and Payment Status combinations contribute most to revenue and outstanding bills? =====================================",ICU,,,,,,,,,,,,,,,,,151.0,5156532.0,,Cash,Paid,0.0,,,,,,,,,,,,,,,,,
MA09,"Which Department, Payment Mode and Payment Status combinations contribute most to revenue and outstanding bills? =====================================",ICU,,,,,,,,,,,,,,,,,134.0,4895759.0,,Cash,Pending,4895759.0,,,,,,,,,,,,,,,,,
MA09,"Which Department, Payment Mode and Payment Status combinations contribute most to revenue and outstanding bills? =====================================",ICU,,,,,,,,,,,,,,,,,133.0,4748223.0,,Card,Pending,4748223.0,,,,,,,,,,,,,,,,,
MA09,"Which Department, Payment Mode and Payment Status combinations contribute most to revenue and outstanding bills? =====================================",ICU,,,,,,,,,,,,,,,,,124.0,4648424.0,,UPI,Pending,4648424.0,,,,,,,,,,,,,,,,,
MA10,Which Departments generate the highest charges across different Charge Types? ============================================================,Surgery,,,,,,,,,,,,,,,,,,,,,,,Room,10126.0,238350316.0,23538.44716571203,,,,,,,,,,,,,
MA10,Which Departments generate the highest charges across different Charge Types? ============================================================,Emergency,,,,,,,,,,,,,,,,,,,,,,,Room,8777.0,205831356.0,23451.219778967756,,,,,,,,,,,,,
MA10,Which Departments generate the highest charges across different Charge Types? ============================================================,ICU,,,,,,,,,,,,,,,,,,,,,,,Room,4040.0,203491722.0,50369.23811881188,,,,,,,,,,,,,
MA10,Which Departments generate the highest charges across different Charge Types? ============================================================,Pediatrics,,,,,,,,,,,,,,,,,,,,,,,Room,8438.0,196270443.0,23260.30374496326,,,,,,,,,,,,,
MA10,Which Departments generate the highest charges across different Charge Types? ============================================================,Internal Medicine,,,,,,,,,,,,,,,,,,,,,,,Room,7695.0,179478982.0,23324.10422352177,,,,,,,,,,,,,
MA10,Which Departments generate the highest charges across different Charge Types? ============================================================,Orthopedics,,,,,,,,,,,,,,,,,,,,,,,Room,5924.0,139148765.0,23488.98801485483,,,,,,,,,,,,,
MA10,Which Departments generate the highest charges across different Charge Types? ============================================================,Surgery,,,,,,,,,,,,,,,,,,,,,,,Procedure,3052.0,46154081.0,15122.569134993448,,,,,,,,,,,,,
MA10,Which Departments generate the highest charges across different Charge Types? ============================================================,Emergency,,,,,,,,,,,,,,,,,,,,,,,Procedure,2626.0,39908969.0,15197.62718964204,,,,,,,,,,,,,
MA10,Which Departments generate the highest charges across different Charge Types? ============================================================,Pediatrics,,,,,,,,,,,,,,,,,,,,,,,Procedure,2511.0,37101594.0,14775.624850657108,,,,,,,,,,,,,
MA10,Which Departments generate the highest charges across different Charge Types? ============================================================,Internal Medicine,,,,,,,,,,,,,,,,,,,,,,,Procedure,2349.0,35696755.0,15196.575138356748,,,,,,,,,,,,,
MA10,Which Departments generate the highest charges across different Charge Types? ============================================================,Orthopedics,,,,,,,,,,,,,,,,,,,,,,,Procedure,1818.0,27506329.0,15129.993949394939,,,,,,,,,,,,,
MA10,Which Departments generate the highest charges across different Charge Types? ============================================================,ICU,,,,,,,,,,,,,,,,,,,,,,,Procedure,1219.0,18149345.0,14888.716160787531,,,,,,,,,,,,,
MA10,Which Departments generate the highest charges across different Charge Types? ============================================================,Surgery,,,,,,,,,,,,,,,,,,,,,,,Test,5105.0,14057832.0,2753.737904015671,,,,,,,,,,,,,
MA10,Which Departments generate the highest charges across different Charge Types? ============================================================,Pediatrics,,,,,,,,,,,,,,,,,,,,,,,Test,4255.0,11847215.0,2784.304347826087,,,,,,,,,,,,,
MA10,Which Departments generate the highest charges across different Charge Types? ============================================================,Emergency,,,,,,,,,,,,,,,,,,,,,,,Test,4344.0,11779052.0,2711.5681399631676,,,,,,,,,,,,,
MA10,Which Departments generate the highest charges across different Charge Types? ============================================================,Surgery,,,,,,,,,,,,,,,,,,,,,,,Drug,7073.0,11276055.0,1594.2393609500919,,,,,,,,,,,,,
MA10,Which Departments generate the highest charges across different Charge Types? ============================================================,Internal Medicine,,,,,,,,,,,,,,,,,,,,,,,Test,3832.0,10402138.0,2714.545407098121,,,,,,,,,,,,,
MA10,Which Departments generate the highest charges across different Charge Types? ============================================================,Emergency,,,,,,,,,,,,,,,,,,,,,,,Drug,6093.0,9723723.0,1595.8842934515017,,,,,,,,,,,,,
MA10,Which Departments generate the highest charges across different Charge Types? ============================================================,Pediatrics,,,,,,,,,,,,,,,,,,,,,,,Drug,5922.0,9374004.0,1582.9118541033436,,,,,,,,,,,,,
MA10,Which Departments generate the highest charges across different Charge Types? ============================================================,Internal Medicine,,,,,,,,,,,,,,,,,,,,,,,Drug,5370.0,8667126.0,1613.9899441340783,,,,,,,,,,,,,
MA10,Which Departments generate the highest charges across different Charge Types? ============================================================,Orthopedics,,,,,,,,,,,,,,,,,,,,,,,Test,2963.0,8135332.0,2745.6402294971313,,,,,,,,,,,,,
MA10,Which Departments generate the highest charges across different Charge Types? ============================================================,Orthopedics,,,,,,,,,,,,,,,,,,,,,,,Drug,4075.0,6517162.0,1599.3035582822085,,,,,,,,,,,,,
MA10,Which Departments generate the highest charges across different Charge Types? ============================================================,ICU,,,,,,,,,,,,,,,,,,,,,,,Test,1984.0,5503946.0,2774.1663306451615,,,,,,,,,,,,,
MA10,Which Departments generate the highest charges across different Charge Types? ============================================================,ICU,,,,,,,,,,,,,,,,,,,,,,,Drug,2811.0,4508024.0,1603.7082888651726,,,,,,,,,,,,,
MA11,Which Department and Test Category have the highest Abnormal Diagnostic Test Rate? ============================================================,Pathology,,,,,,,,,,,,,,Pathology,35182.0,17723.0,,,,,,,,,,,50.375191859473595,,,,,,,,,,,,
MA11,Which Department and Test Category have the highest Abnormal Diagnostic Test Rate? ============================================================,Radiology,,,,,,,,,,,,,,Radiology,28087.0,14100.0,,,,,,,,,,,50.20116067931784,,,,,,,,,,,,
MA12,How does diagnostic workload and abnormal-result volume vary by Doctor Specialization and Test Category? =============================================,,,,,,,,,,,,,,,Pathology,5536.0,2796.0,,,,,,,,,,,,General Medicine,,,,,,,,,,,
MA12,How does diagnostic workload and abnormal-result volume vary by Doctor Specialization and Test Category? =============================================,,,,,,,,,,,,,,,Pathology,5030.0,2564.0,,,,,,,,,,,,Neurology,,,,,,,,,,,
MA12,How does diagnostic workload and abnormal-result volume vary by Doctor Specialization and Test Category? =============================================,,,,,,,,,,,,,,,Pathology,4981.0,2492.0,,,,,,,,,,,,ICU,,,,,,,,,,,
MA12,How does diagnostic workload and abnormal-result volume vary by Doctor Specialization and Test Category? =============================================,,,,,,,,,,,,,,,Pathology,4959.0,2460.0,,,,,,,,,,,,Pulmonology,,,,,,,,,,,
MA12,How does diagnostic workload and abnormal-result volume vary by Doctor Specialization and Test Category? =============================================,,,,,,,,,,,,,,,Pathology,4914.0,2495.0,,,,,,,,,,,,Orthopedics,,,,,,,,,,,
MA12,How does diagnostic workload and abnormal-result volume vary by Doctor Specialization and Test Category? =============================================,,,,,,,,,,,,,,,Radiology,4457.0,2214.0,,,,,,,,,,,,General Medicine,,,,,,,,,,,
MA12,How does diagnostic workload and abnormal-result volume vary by Doctor Specialization and Test Category? =============================================,,,,,,,,,,,,,,,Radiology,4008.0,1988.0,,,,,,,,,,,,Orthopedics,,,,,,,,,,,
MA12,How does diagnostic workload and abnormal-result volume vary by Doctor Specialization and Test Category? =============================================,,,,,,,,,,,,,,,Radiology,3970.0,2001.0,,,,,,,,,,,,ICU,,,,,,,,,,,
MA12,How does diagnostic workload and abnormal-result volume vary by Doctor Specialization and Test Category? =============================================,,,,,,,,,,,,,,,Radiology,3959.0,2023.0,,,,,,,,,,,,Neurology,,,,,,,,,,,
MA12,How does diagnostic workload and abnormal-result volume vary by Doctor Specialization and Test Category? =============================================,,,,,,,,,,,,,,,Radiology,3882.0,1981.0,,,,,,,,,,,,Pulmonology,,,,,,,,,,,
MA12,How does diagnostic workload and abnormal-result volume vary by Doctor Specialization and Test Category? =============================================,,,,,,,,,,,,,,,Pathology,3599.0,1813.0,,,,,,,,,,,,Cardiology,,,,,,,,,,,
MA12,How does diagnostic workload and abnormal-result volume vary by Doctor Specialization and Test Category? =============================================,,,,,,,,,,,,,,,Pathology,2793.0,1377.0,,,,,,,,,,,,Pediatrics,,,,,,,,,,,
MA12,How does diagnostic workload and abnormal-result volume vary by Doctor Specialization and Test Category? =============================================,,,,,,,,,,,,,,,Radiology,2754.0,1389.0,,,,,,,,,,,,Cardiology,,,,,,,,,,,
MA12,How does diagnostic workload and abnormal-result volume vary by Doctor Specialization and Test Category? =============================================,,,,,,,,,,,,,,,Radiology,2228.0,1109.0,,,,,,,,,,,,Pediatrics,,,,,,,,,,,
MA12,How does diagnostic workload and abnormal-result volume vary by Doctor Specialization and Test Category? =============================================,,,,,,,,,,,,,,,Pathology,2000.0,1028.0,,,,,,,,,,,,Surgery,,,,,,,,,,,
MA12,How does diagnostic workload and abnormal-result volume vary by Doctor Specialization and Test Category? =============================================,,,,,,,,,,,,,,,Radiology,1740.0,862.0,,,,,,,,,,,,Surgery,,,,,,,,,,,
MA12,How does diagnostic workload and abnormal-result volume vary by Doctor Specialization and Test Category? =============================================,,,,,,,,,,,,,,,Pathology,1370.0,698.0,,,,,,,,,,,,Nephrology,,,,,,,,,,,
MA12,How does diagnostic workload and abnormal-result volume vary by Doctor Specialization and Test Category? =============================================,,,,,,,,,,,,,,,Radiology,1089.0,533.0,,,,,,,,,,,,Nephrology,,,,,,,,,,,
MA13,Which Drug Categories have high Prescription Demand and Low Inventory? ============================================================,,,,,,,,,,,,,,,,,,,,,,,,,,,,,,Analgesic,Normal,34.0,9857.0,21415.0,6775.0,,,,,
MA13,Which Drug Categories have high Prescription Demand and Low Inventory? ============================================================,,,,,,,,,,,,,,,,,,,,,,,,,,,,,,Antacid,Normal,28.0,8194.0,16193.0,5663.0,,,,,
MA13,Which Drug Categories have high Prescription Demand and Low Inventory? ============================================================,,,,,,,,,,,,,,,,,,,,,,,,,,,,,,Steroid,Normal,25.0,7454.0,13979.0,4584.0,,,,,
MA13,Which Drug Categories have high Prescription Demand and Low Inventory? ============================================================,,,,,,,,,,,,,,,,,,,,,,,,,,,,,,Antibiotic,Normal,26.0,7422.0,15447.0,5815.0,,,,,
MA13,Which Drug Categories have high Prescription Demand and Low Inventory? ============================================================,,,,,,,,,,,,,,,,,,,,,,,,,,,,,,Vitamin,Normal,24.0,7073.0,15661.0,5065.0,,,,,
MA13,Which Drug Categories have high Prescription Demand and Low Inventory? ============================================================,,,,,,,,,,,,,,,,,,,,,,,,,,,,,,Antipyretic,Normal,24.0,6984.0,15072.0,4374.0,,,,,
MA13,Which Drug Categories have high Prescription Demand and Low Inventory? ============================================================,,,,,,,,,,,,,,,,,,,,,,,,,,,,,,Antidiabetic,Normal,23.0,6748.0,12729.0,4395.0,,,,,
MA13,Which Drug Categories have high Prescription Demand and Low Inventory? ============================================================,,,,,,,,,,,,,,,,,,,,,,,,,,,,,,Antihypertensive,Normal,22.0,6384.0,14874.0,4463.0,,,,,
MA13,Which Drug Categories have high Prescription Demand and Low Inventory? ============================================================,,,,,,,,,,,,,,,,,,,,,,,,,,,,,,Antacid,Low,7.0,2079.0,1166.0,1620.0,,,,,
MA13,Which Drug Categories have high Prescription Demand and Low Inventory? ============================================================,,,,,,,,,,,,,,,,,,,,,,,,,,,,,,Analgesic,Low,7.0,2046.0,950.0,1430.0,,,,,
MA13,Which Drug Categories have high Prescription Demand and Low Inventory? ============================================================,,,,,,,,,,,,,,,,,,,,,,,,,,,,,,Antibiotic,Low,6.0,1804.0,669.0,1289.0,,,,,
MA13,Which Drug Categories have high Prescription Demand and Low Inventory? ============================================================,,,,,,,,,,,,,,,,,,,,,,,,,,,,,,Antihypertensive,Low,6.0,1801.0,684.0,1381.0,,,,,
MA13,Which Drug Categories have high Prescription Demand and Low Inventory? ============================================================,,,,,,,,,,,,,,,,,,,,,,,,,,,,,,Steroid,Low,5.0,1477.0,466.0,1270.0,,,,,
MA13,Which Drug Categories have high Prescription Demand and Low Inventory? ============================================================,,,,,,,,,,,,,,,,,,,,,,,,,,,,,,Antidiabetic,Low,5.0,1455.0,472.0,1053.0,,,,,
MA13,Which Drug Categories have high Prescription Demand and Low Inventory? ============================================================,,,,,,,,,,,,,,,,,,,,,,,,,,,,,,Vitamin,Low,5.0,1408.0,852.0,1310.0,,,,,
MA13,Which Drug Categories have high Prescription Demand and Low Inventory? ============================================================,,,,,,,,,,,,,,,,,,,,,,,,,,,,,,Antipyretic,Low,3.0,923.0,249.0,648.0,,,,,
MA14,How does drug inventory status vary across Drug Category and Manufacturer Country? ============================================================,,,,,,,,,,,,,,,,,,,,,,,,,,,,,,Antacid,Normal,11.0,,6610.0,,India,194.72727272727272,,,
MA14,How does drug inventory status vary across Drug Category and Manufacturer Country? ============================================================,,,,,,,,,,,,,,,,,,,,,,,,,,,,,,Antipyretic,Normal,10.0,,6503.0,,Switzerland,253.2,,,
MA14,How does drug inventory status vary across Drug Category and Manufacturer Country? ============================================================,,,,,,,,,,,,,,,,,,,,,,,,,,,,,,Analgesic,Normal,9.0,,5268.0,,Germany,287.77777777777777,,,
MA14,How does drug inventory status vary across Drug Category and Manufacturer Country? ============================================================,,,,,,,,,,,,,,,,,,,,,,,,,,,,,,Antidiabetic,Normal,9.0,,5210.0,,Switzerland,247.44444444444446,,,
MA14,How does drug inventory status vary across Drug Category and Manufacturer Country? ============================================================,,,,,,,,,,,,,,,,,,,,,,,,,,,,,,Analgesic,Normal,8.0,,5044.0,,India,318.375,,,
MA14,How does drug inventory status vary across Drug Category and Manufacturer Country? ============================================================,,,,,,,,,,,,,,,,,,,,,,,,,,,,,,Antibiotic,Normal,8.0,,5440.0,,India,232.25,,,
MA14,How does drug inventory status vary across Drug Category and Manufacturer Country? ============================================================,,,,,,,,,,,,,,,,,,,,,,,,,,,,,,Steroid,Normal,8.0,,5017.0,,India,257.875,,,
MA14,How does drug inventory status vary across Drug Category and Manufacturer Country? ============================================================,,,,,,,,,,,,,,,,,,,,,,,,,,,,,,Analgesic,Normal,7.0,,5683.0,,Switzerland,183.85714285714286,,,
MA14,How does drug inventory status vary across Drug Category and Manufacturer Country? ============================================================,,,,,,,,,,,,,,,,,,,,,,,,,,,,,,Antacid,Normal,7.0,,3783.0,,USA,265.14285714285717,,,
MA14,How does drug inventory status vary across Drug Category and Manufacturer Country? ============================================================,,,,,,,,,,,,,,,,,,,,,,,,,,,,,,Antibiotic,Normal,7.0,,4703.0,,Switzerland,252.71428571428572,,,
MA14,How does drug inventory status vary across Drug Category and Manufacturer Country? ============================================================,,,,,,,,,,,,,,,,,,,,,,,,,,,,,,Steroid,Normal,7.0,,3582.0,,UK,186.14285714285714,,,
MA14,How does drug inventory status vary across Drug Category and Manufacturer Country? ============================================================,,,,,,,,,,,,,,,,,,,,,,,,,,,,,,Analgesic,Normal,6.0,,2969.0,,UK,248.33333333333334,,,
MA14,How does drug inventory status vary across Drug Category and Manufacturer Country? ============================================================,,,,,,,,,,,,,,,,,,,,,,,,,,,,,,Antibiotic,Normal,6.0,,2699.0,,USA,239.16666666666666,,,
MA14,How does drug inventory status vary across Drug Category and Manufacturer Country? ============================================================,,,,,,,,,,,,,,,,,,,,,,,,,,,,,,Antidiabetic,Normal,6.0,,2677.0,,UK,355.6666666666667,,,
MA14,How does drug inventory status vary across Drug Category and Manufacturer Country? ============================================================,,,,,,,,,,,,,,,,,,,,,,,,,,,,,,Antihypertensive,Normal,6.0,,3732.0,,Switzerland,307.8333333333333,,,
MA14,How does drug inventory status vary across Drug Category and Manufacturer Country? ============================================================,,,,,,,,,,,,,,,,,,,,,,,,,,,,,,Antihypertensive,Normal,6.0,,4087.0,,UK,187.16666666666666,,,
MA14,How does drug inventory status vary across Drug Category and Manufacturer Country? ============================================================,,,,,,,,,,,,,,,,,,,,,,,,,,,,,,Vitamin,Normal,6.0,,3662.0,,Switzerland,261.5,,,
MA14,How does drug inventory status vary across Drug Category and Manufacturer Country? ============================================================,,,,,,,,,,,,,,,,,,,,,,,,,,,,,,Vitamin,Normal,6.0,,3363.0,,UK,150.16666666666666,,,
MA14,How does drug inventory status vary across Drug Category and Manufacturer Country? ============================================================,,,,,,,,,,,,,,,,,,,,,,,,,,,,,,Vitamin,Normal,6.0,,4653.0,,USA,292.6666666666667,,,
MA14,How does drug inventory status vary across Drug Category and Manufacturer Country? ============================================================,,,,,,,,,,,,,,,,,,,,,,,,,,,,,,Antacid,Normal,5.0,,2623.0,,Switzerland,312.8,,,
MA14,How does drug inventory status vary across Drug Category and Manufacturer Country? ============================================================,,,,,,,,,,,,,,,,,,,,,,,,,,,,,,Antibiotic,Normal,5.0,,2605.0,,Germany,262.6,,,
MA14,How does drug inventory status vary across Drug Category and Manufacturer Country? ============================================================,,,,,,,,,,,,,,,,,,,,,,,,,,,,,,Antihypertensive,Normal,5.0,,3480.0,,India,157.8,,,
MA14,How does drug inventory status vary across Drug Category and Manufacturer Country? ============================================================,,,,,,,,,,,,,,,,,,,,,,,,,,,,,,Antipyretic,Normal,5.0,,3281.0,,Germany,243.8,,,
MA14,How does drug inventory status vary across Drug Category and Manufacturer Country? ============================================================,,,,,,,,,,,,,,,,,,,,,,,,,,,,,,Steroid,Normal,5.0,,2896.0,,Germany,337.8,,,
MA14,How does drug inventory status vary across Drug Category and Manufacturer Country? ============================================================,,,,,,,,,,,,,,,,,,,,,,,,,,,,,,Analgesic,Normal,4.0,,2451.0,,USA,186.25,,,
MA14,How does drug inventory status vary across Drug Category and Manufacturer Country? ============================================================,,,,,,,,,,,,,,,,,,,,,,,,,,,,,,Antidiabetic,Normal,4.0,,2106.0,,Germany,201.5,,,
MA14,How does drug inventory status vary across Drug Category and Manufacturer Country? ============================================================,,,,,,,,,,,,,,,,,,,,,,,,,,,,,,Antidiabetic,Low,4.0,,418.0,,Switzerland,92.75,,,
MA14,How does drug inventory status vary across Drug Category and Manufacturer Country? ============================================================,,,,,,,,,,,,,,,,,,,,,,,,,,,,,,Antipyretic,Normal,4.0,,2630.0,,UK,198.75,,,
MA14,How does drug inventory status vary across Drug Category and Manufacturer Country? ============================================================,,,,,,,,,,,,,,,,,,,,,,,,,,,,,,Antacid,Low,3.0,,517.0,,Germany,167.0,,,
MA14,How does drug inventory status vary across Drug Category and Manufacturer Country? ============================================================,,,,,,,,,,,,,,,,,,,,,,,,,,,,,,Antacid,Normal,3.0,,1717.0,,Germany,288.3333333333333,,,
MA14,How does drug inventory status vary across Drug Category and Manufacturer Country? ============================================================,,,,,,,,,,,,,,,,,,,,,,,,,,,,,,Antacid,Low,3.0,,482.0,,UK,240.66666666666666,,,
MA14,How does drug inventory status vary across Drug Category and Manufacturer Country? ============================================================,,,,,,,,,,,,,,,,,,,,,,,,,,,,,,Antidiabetic,Normal,3.0,,2025.0,,India,230.66666666666666,,,
MA14,How does drug inventory status vary across Drug Category and Manufacturer Country? ============================================================,,,,,,,,,,,,,,,,,,,,,,,,,,,,,,Antihypertensive,Normal,3.0,,1898.0,,Germany,313.0,,,
MA14,How does drug inventory status vary across Drug Category and Manufacturer Country? ============================================================,,,,,,,,,,,,,,,,,,,,,,,,,,,,,,Antihypertensive,Low,3.0,,393.0,,UK,228.66666666666666,,,
MA14,How does drug inventory status vary across Drug Category and Manufacturer Country? ============================================================,,,,,,,,,,,,,,,,,,,,,,,,,,,,,,Antipyretic,Low,3.0,,249.0,,Switzerland,250.66666666666666,,,
MA14,How does drug inventory status vary across Drug Category and Manufacturer Country? ============================================================,,,,,,,,,,,,,,,,,,,,,,,,,,,,,,Antipyretic,Normal,3.0,,1850.0,,USA,318.6666666666667,,,
MA14,How does drug inventory status vary across Drug Category and Manufacturer Country? ============================================================,,,,,,,,,,,,,,,,,,,,,,,,,,,,,,Steroid,Normal,3.0,,1257.0,,Switzerland,224.0,,,
MA14,How does drug inventory status vary across Drug Category and Manufacturer Country? ============================================================,,,,,,,,,,,,,,,,,,,,,,,,,,,,,,Vitamin,Normal,3.0,,1610.0,,Germany,228.66666666666666,,,
MA14,How does drug inventory status vary across Drug Category and Manufacturer Country? ============================================================,,,,,,,,,,,,,,,,,,,,,,,,,,,,,,Vitamin,Normal,3.0,,2373.0,,India,248.33333333333334,,,
MA14,How does drug inventory status vary across Drug Category and Manufacturer Country? ============================================================,,,,,,,,,,,,,,,,,,,,,,,,,,,,,,Analgesic,Low,2.0,,393.0,,Germany,256.5,,,
MA14,How does drug inventory status vary across Drug Category and Manufacturer Country? ============================================================,,,,,,,,,,,,,,,,,,,,,,,,,,,,,,Analgesic,Low,2.0,,295.0,,USA,75.0,,,
MA14,How does drug inventory status vary across Drug Category and Manufacturer Country? ============================================================,,,,,,,,,,,,,,,,,,,,,,,,,,,,,,Antacid,Normal,2.0,,1460.0,,UK,111.5,,,
MA14,How does drug inventory status vary across Drug Category and Manufacturer Country? ============================================================,,,,,,,,,,,,,,,,,,,,,,,,,,,,,,Antibiotic,Low,2.0,,254.0,,Germany,176.5,,,
MA14,How does drug inventory status vary across Drug Category and Manufacturer Country? ============================================================,,,,,,,,,,,,,,,,,,,,,,,,,,,,,,Antihypertensive,Low,2.0,,217.0,,USA,389.5,,,
MA14,How does drug inventory status vary across Drug Category and Manufacturer Country? ============================================================,,,,,,,,,,,,,,,,,,,,,,,,,,,,,,Antihypertensive,Normal,2.0,,1677.0,,USA,345.0,,,
MA14,How does drug inventory status vary across Drug Category and Manufacturer Country? ============================================================,,,,,,,,,,,,,,,,,,,,,,,,,,,,,,Antipyretic,Normal,2.0,,808.0,,India,250.5,,,
MA14,How does drug inventory status vary across Drug Category and Manufacturer Country? ============================================================,,,,,,,,,,,,,,,,,,,,,,,,,,,,,,Steroid,Low,2.0,,141.0,,Germany,131.5,,,
MA14,How does drug inventory status vary across Drug Category and Manufacturer Country? ============================================================,,,,,,,,,,,,,,,,,,,,,,,,,,,,,,Steroid,Normal,2.0,,1227.0,,USA,354.0,,,
MA14,How does drug inventory status vary across Drug Category and Manufacturer Country? ============================================================,,,,,,,,,,,,,,,,,,,,,,,,,,,,,,Vitamin,Low,2.0,,420.0,,Switzerland,345.5,,,
MA14,How does drug inventory status vary across Drug Category and Manufacturer Country? ============================================================,,,,,,,,,,,,,,,,,,,,,,,,,,,,,,Analgesic,Low,1.0,,105.0,,India,24.0,,,
MA14,How does drug inventory status vary across Drug Category and Manufacturer Country? ============================================================,,,,,,,,,,,,,,,,,,,,,,,,,,,,,,Analgesic,Low,1.0,,82.0,,Switzerland,295.0,,,
MA14,How does drug inventory status vary across Drug Category and Manufacturer Country? ============================================================,,,,,,,,,,,,,,,,,,,,,,,,,,,,,,Analgesic,Low,1.0,,75.0,,UK,481.0,,,
MA14,How does drug inventory status vary across Drug Category and Manufacturer Country? ============================================================,,,,,,,,,,,,,,,,,,,,,,,,,,,,,,Antacid,Low,1.0,,167.0,,USA,404.0,,,
MA14,How does drug inventory status vary across Drug Category and Manufacturer Country? ============================================================,,,,,,,,,,,,,,,,,,,,,,,,,,,,,,Antibiotic,Low,1.0,,102.0,,India,440.0,,,
MA14,How does drug inventory status vary across Drug Category and Manufacturer Country? ============================================================,,,,,,,,,,,,,,,,,,,,,,,,,,,,,,Antibiotic,Low,1.0,,104.0,,Switzerland,346.0,,,
MA14,How does drug inventory status vary across Drug Category and Manufacturer Country? ============================================================,,,,,,,,,,,,,,,,,,,,,,,,,,,,,,Antibiotic,Low,1.0,,131.0,,UK,24.0,,,
MA14,How does drug inventory status vary across Drug Category and Manufacturer Country? ============================================================,,,,,,,,,,,,,,,,,,,,,,,,,,,,,,Antibiotic,Low,1.0,,78.0,,USA,272.0,,,
MA14,How does drug inventory status vary across Drug Category and Manufacturer Country? ============================================================,,,,,,,,,,,,,,,,,,,,,,,,,,,,,,Antidiabetic,Low,1.0,,54.0,,UK,215.0,,,
MA14,How does drug inventory status vary across Drug Category and Manufacturer Country? ============================================================,,,,,,,,,,,,,,,,,,,,,,,,,,,,,,Antidiabetic,Normal,1.0,,711.0,,USA,445.0,,,
MA14,How does drug inventory status vary across Drug Category and Manufacturer Country? ============================================================,,,,,,,,,,,,,,,,,,,,,,,,,,,,,,Antihypertensive,Low,1.0,,74.0,,Germany,396.0,,,
MA14,How does drug inventory status vary across Drug Category and Manufacturer Country? ============================================================,,,,,,,,,,,,,,,,,,,,,,,,,,,,,,Steroid,Low,1.0,,82.0,,Switzerland,48.0,,,
MA14,How does drug inventory status vary across Drug Category and Manufacturer Country? ============================================================,,,,,,,,,,,,,,,,,,,,,,,,,,,,,,Steroid,Low,1.0,,104.0,,UK,307.0,,,
MA14,How does drug inventory status vary across Drug Category and Manufacturer Country? ============================================================,,,,,,,,,,,,,,,,,,,,,,,,,,,,,,Steroid,Low,1.0,,139.0,,USA,451.0,,,
MA14,How does drug inventory status vary across Drug Category and Manufacturer Country? ============================================================,,,,,,,,,,,,,,,,,,,,,,,,,,,,,,Vitamin,Low,1.0,,130.0,,Germany,334.0,,,
MA14,How does drug inventory status vary across Drug Category and Manufacturer Country? ============================================================,,,,,,,,,,,,,,,,,,,,,,,,,,,,,,Vitamin,Low,1.0,,122.0,,UK,119.0,,,
MA14,How does drug inventory status vary across Drug Category and Manufacturer Country? ============================================================,,,,,,,,,,,,,,,,,,,,,,,,,,,,,,Vitamin,Low,1.0,,180.0,,USA,465.0,,,
